value,label
ZZ-40-1978-9686097,NEG
M5310742,PassportNumber
8188048514202590,NEG
971592091376,NEG
5080649097034258,NEG
EXZ2156762,VoterID
VGPAH3433G,PANNumber
IQV0767426,VoterID
QXBFN9782W,PANNumber
F5112412,PassportNumber
O1865796,NEG
2319260098,NEG
CJGGG6822F,PANNumber
UGWGN5126U,PANNumber
E8567043,PassportNumber
6633533106,Phone
20240628,NEG
I8797857,NEG
B7167567,PassportNumber
VBM1658260,VoterID
4762799553024537,CreditCard
T7401557,PassportNumber
v2.13.87,NEG
0283772702,NEG
MBNBR4229I,PANNumber
MH 15 2003 6204578,DrivingLicenceNumber
PSSJV8460Q,PANNumber
3747 0488 7899 5043,CreditCard
06380214629,Phone
5084-4716-1982-7349,CreditCard
154021190170756,BankAccountNumber
A1034864,PassportNumber
JH-03-1995-5866447,DrivingLicenceNumber
E2513422,PassportNumber
Y0780964,NEG
P7032420,PassportNumber
XRUAG3945V,PANNumber
1326170505,NEG
DL2620199343916,DrivingLicenceNumber
916789046337,Phone
417062849769,NEG
OD2119907128057,DrivingLicenceNumber
6339685270,Phone
6503 1805 3396 2741,CreditCard
PB 07 1983 0571695,DrivingLicenceNumber
7274-2054-9320,AdharcardNumber
361794217120,NEG
OD-21-1992-3271953,DrivingLicenceNumber
HXJJZ5549J,PANNumber
B0392788,NEG
DL-03-1990-7386630,DrivingLicenceNumber
8183-9062-4672-8794,CreditCard
QLY7944805,VoterID
3775 7694 5353 6598,CreditCard
HR-24-1992-4202916,DrivingLicenceNumber
+91 75703 96531,Phone
K0467462,NEG
GDO255,NEG
KA 38 1983 3347167,DrivingLicenceNumber
Q8237945,NEG
O7013072,NEG
LUZ4843397,VoterID
Q5749869,NEG
636786210781,NEG
5421 6073 3758,AdharcardNumber
N7930089,PassportNumber
Q9062331,NEG
FOTLW5736M,PANNumber
Z4938525,PassportNumber
5511-5876-0545-7693,CreditCard
5083 3589 5138 1863,CreditCard
NDZ3215246,VoterID
6041 5747 3388,AdharcardNumber
529473868917,NEG
F4805525,PassportNumber
55629657542,BankAccountNumber
LEJ5598928,VoterID
AXB6817366,VoterID
L9146717,PassportNumber
ZZ-45-2014-8811571,NEG
MP 3189990 3917954,NEG
+91 86521 70730,Phone
+91 83966 61347,Phone
153722155668473,BankAccountNumber
6514004938819495,CreditCard
v7.0.63,NEG
X4454978,NEG
v9.17.83,NEG
769816934066,AdharcardNumber
3795629179644169,NEG
3770407146971475,NEG
20241120,NEG
301626008029,NEG
NEETS9119Y,PANNumber
3190000295,NEG
INV-2024-763,NEG
258147700549,AdharcardNumber
8771591030,Phone
RAYJQ6508N,PANNumber
SFMJL9184M,PANNumber
708bbaaa14d6,NEG
SGQPX1184X,PANNumber
IXL5668656,VoterID
431910090040476921,BankAccountNumber
+91-7567983631,Phone
J5271739,PassportNumber
08556185790,Phone
+91-8147541022,Phone
20240907,NEG
UK0320099024732,DrivingLicenceNumber
MWQ7382743,VoterID
DFYFR0133V,PANNumber
INV-2020-708,NEG
HVAGC7289P,PANNumber
ZZ 08 1981 6372505,NEG
XCQ986,NEG
2862-1182-3395,AdharcardNumber
E5471462,PassportNumber
e39b927b5a4b,NEG
918067625153,Phone
896266620579,NEG
T1429025,PassportNumber
69990312,NEG
5599824266217751,NEG
HSY9752099,VoterID
3494269420,NEG
3447-0554-9121-5165,CreditCard
INV-2020-129,NEG
GA 33 1996 4632325,DrivingLicenceNumber
V8384689,PassportNumber
bfab248e8222,NEG
GUL7723376,VoterID
4391702634443595,NEG
Z3723865,PassportNumber
70f83eda8dc4,NEG
10916592,NEG
527315851494,AdharcardNumber
RHK4618572,VoterID
3155-4262-2185,AdharcardNumber
NTQ630,NEG
245562386928,AdharcardNumber
DL 26 2017 0099873,DrivingLicenceNumber
3798440971,BankAccountNumber
20240206,NEG
3459664721307422,CreditCard
3065 1801 7049,AdharcardNumber
Z7570132,PassportNumber
INV-2025-453,NEG
1651732816,NEG
6722.54,NEG
v1.8.42,NEG
7235137399,BankAccountNumber
1769274381199,BankAccountNumber
261735631632,NEG
0122321425,NEG
e85e1a9afe54,NEG
9281633,NEG
H0004837,NEG
3262591883,NEG
0223116787,NEG
504715802909046,BankAccountNumber
P6612481,PassportNumber
ETJ6446253,VoterID
7467 8544 5876,AdharcardNumber
INV-2020-315,NEG
KL4020102313135,DrivingLicenceNumber
AP3520132547580,DrivingLicenceNumber
DMF845,NEG
OBBGD8449R,PANNumber
371619196932,NEG
96210640,NEG
5117226414756900,NEG
06501508124,Phone
4412-0270-6159-2736,CreditCard
07099974192,Phone
4119285672,NEG
RZQ107,NEG
8801 8242 2530,AdharcardNumber
INV-2020-881,NEG
LSHAI4196S,PANNumber
9747-0168-7335,AdharcardNumber
129751910231211063,BankAccountNumber
7272847657,Phone
1899906820,NEG
N0327135,NEG
+91-6880501716,Phone
OD 02 2010 0443290,DrivingLicenceNumber
982137455611404288,BankAccountNumber
+91-7954296184,Phone
SHW465,NEG
X4146102,NEG
WB4220088324444,DrivingLicenceNumber
999932420240,NEG
506978999514,NEG
5123984723034209,CreditCard
5273-0086-9661-0163,CreditCard
3406-7761-0659-2081,CreditCard
8899-8094-0245,AdharcardNumber
3449787296571565,NEG
778bbf7ad564,NEG
4454138453,NEG
TS 0189992 8186028,NEG
5512-9957-0472-6422,CreditCard
067458476094,BankAccountNumber
31986492,NEG
TS0619933671825,DrivingLicenceNumber
UP 0186079 8508998,NEG
INV-2025-460,NEG
D3153539,PassportNumber
GUT538,NEG
4820736511893940,BankAccountNumber
U3739021,PassportNumber
W6760243,PassportNumber
PB 24 2017 4616777,DrivingLicenceNumber
94463339994853,BankAccountNumber
BVLGP7848O,PANNumber
916273415148,Phone
SVPHC8114U,PANNumber
ZZ2920020083493,NEG
725214526471246,BankAccountNumber
K6977945,PassportNumber
342457988942,BankAccountNumber
KL 19 1985 1988958,DrivingLicenceNumber
483319558979,NEG
+91 92736 52717,Phone
ZZ 29 2006 7305584,NEG
KLB2462063,VoterID
9659 1803 3975,AdharcardNumber
1149679146,NEG
900116602859,NEG
32899620,NEG
WB1819841610211,DrivingLicenceNumber
NFF6680958,VoterID
KMVHC6893N,PANNumber
20240426,NEG
T2213524,PassportNumber
IQOPZ9986D,PANNumber
15786421,NEG
+91 86201 75370,Phone
INV-2022-898,NEG
BR-10-2000-7944258,DrivingLicenceNumber
O1172563,NEG
5558523860030440,CreditCard
7844446306,Phone
39516457,NEG
65842882,NEG
07226940539,Phone
3720222349980137,NEG
778759856420,AdharcardNumber
582713594564,NEG
5089 3934 4974 3949,CreditCard
QJZ401,NEG
453658788270,NEG
5303 6541 4585,AdharcardNumber
YBTJX5699T,PANNumber
O8966477,NEG
XCJCG8113R,PANNumber
2025 7872 9827,AdharcardNumber
85515978,NEG
Z0220429,NEG
INV-2022-648,NEG
8166933515880707,NEG
SFXHD6995Q,PANNumber
7677119642,Phone
867998649127,NEG
3785965594282492,CreditCard
20240212,NEG
v5.19.84,NEG
HOJBO0120J,PANNumber
451778528924,AdharcardNumber
MP2818605465890,NEG
TS-21-1977-9284641,DrivingLicenceNumber
1971705984,NEG
AKWCJ7705G,PANNumber
440281822382,NEG
H0446042,NEG
RJ-10-2011-8291305,DrivingLicenceNumber
4477862,NEG
HRM6330203,VoterID
3389-9940-4384,AdharcardNumber
TS 26 1987 5237675,DrivingLicenceNumber
KVK2838932,VoterID
43645380442101750,BankAccountNumber
07550272751,Phone
F2406650,PassportNumber
867010651335,AdharcardNumber
XBRJI1686Y,PANNumber
INV-2023-114,NEG
INV-2026-916,NEG
LRZAA3441J,PANNumber
3615 5940 7819,AdharcardNumber
06148706827,Phone
HR 18 2012 6445415,DrivingLicenceNumber
AP2718999807065,NEG
332426050,BankAccountNumber
BR0420144202422,DrivingLicenceNumber
911142817852,BankAccountNumber
2463 7454 9904,AdharcardNumber
6518-7053-4944,AdharcardNumber
A7335693,PassportNumber
037234617625,NEG
9065 6272 9809,AdharcardNumber
P0050337,NEG
FIE9479797,VoterID
95831940,NEG
7305-1522-0473,AdharcardNumber
PB-1209311-0284574,NEG
2692085649,NEG
43426064,NEG
2967.05,NEG
08473158477,Phone
Y8016580,PassportNumber
6540299071669065,CreditCard
ZZ3020070528111,NEG
7717 7514 0109,AdharcardNumber
471094777520,AdharcardNumber
5088913705424512,NEG
5082203004496469,CreditCard
132961512045,NEG
+91 92975 85988,Phone
5225920616581291,CreditCard
5087416365604506,CreditCard
v4.18.52,NEG
KDL4257391,VoterID
MPU2837377,VoterID
3458214770920716,CreditCard
JH2119995344857,DrivingLicenceNumber
20240126,NEG
V2190833,PassportNumber
INV-2024-247,NEG
2112e0e349ae,NEG
53798214339527536,BankAccountNumber
6072.09,NEG
9340.47,NEG
57089993,NEG
38419903,NEG
9379 9650 7529,AdharcardNumber
6667 1168 4576,AdharcardNumber
5172628296,NEG
ZZ3620006278458,NEG
S5564494,PassportNumber
RTWPF6012P,PANNumber
EKXCH5521W,PANNumber
HP-35-1991-7367377,DrivingLicenceNumber
0173973964,BankAccountNumber
20241111,NEG
6033-1739-3634,AdharcardNumber
MEK2240199,VoterID
4334375186,NEG
7583392056775,BankAccountNumber
AP2519997449416,DrivingLicenceNumber
07924075536,Phone
+91 69611 59408,Phone
94737213290162,BankAccountNumber
8164 4822 1758 8396,CreditCard
TS-33-1998-2135318,DrivingLicenceNumber
20240728,NEG
20240623,NEG
08132797245,Phone
v6.6.51,NEG
5482-4771-0931,AdharcardNumber
PB1919794944695,DrivingLicenceNumber
v8.6.7,NEG
NIX1945459,VoterID
JBM4816345,VoterID
64250642076,BankAccountNumber
HSRAM8457O,PANNumber
AQVGR9944V,PANNumber
2420315892,NEG
TSCAM6210G,PANNumber
NBO4726375,VoterID
VVU5331381,VoterID
INV-2023-682,NEG
0944545697,NEG
VIF531,NEG
W8563410,PassportNumber
743271630337,NEG
V8308069,PassportNumber
ZZ3019850137415,NEG
6983780182,Phone
JBG3818263,VoterID
6056-1308-7612-3857,CreditCard
INV-2026-262,NEG
3668290525,NEG
TN-25-2021-4822082,DrivingLicenceNumber
B0622901,NEG
HP-3209386-6437738,NEG
HR 44 1997 5556542,DrivingLicenceNumber
6563460191530571,NEG
ZQOLB4358C,PANNumber
3566764099,NEG
335333177019,NEG
QJK8898627,VoterID
+91 86627 76896,Phone
KA 08 1980 6853540,DrivingLicenceNumber
X2101934,NEG
5081-7763-3427-2032,CreditCard
9083350902542573,BankAccountNumber
958749012405,NEG
MP2020225668493,DrivingLicenceNumber
5618 3242 1022,AdharcardNumber
34820128400838,BankAccountNumber
+91 64754 69263,Phone
3372-1510-7026,AdharcardNumber
ZZ 25 1986 8291956,NEG
ZUT7654679,VoterID
788247086016,NEG
INV-2023-656,NEG
INV-2026-063,NEG
QWDGP9812G,PANNumber
SBFTK9391P,PANNumber
TN-06-1981-7142095,DrivingLicenceNumber
SMS0479076,VoterID
20240107,NEG
TWQ3329642,VoterID
Y0370317,NEG
+91 77868 66943,Phone
8805-8911-3520,AdharcardNumber
06214785390,Phone
P9739774,PassportNumber
63558243017,BankAccountNumber
c8c58797b8ca,NEG
9403-4471-3495,AdharcardNumber
v1.13.41,NEG
633608090102,NEG
8188330,NEG
AS-16-1989-1543350,DrivingLicenceNumber
IAN3475171,VoterID
H8618478,PassportNumber
3952-0585-2779,AdharcardNumber
20240108,NEG
70f8c337f4e3,NEG
1091401527,NEG
4814-3561-4038-4532,CreditCard
622072239,BankAccountNumber
G0332998,NEG
OD2820156310217,DrivingLicenceNumber
MYK4751216,VoterID
8108390654025993,NEG
WIS4618750,VoterID
WKQAF8182N,PANNumber
WGP6313125,VoterID
86084907938841368,BankAccountNumber
621993308331,AdharcardNumber
0090043655158482,BankAccountNumber
409614973,BankAccountNumber
v9.0.32,NEG
6508-0568-5667-0639,CreditCard
MYGJR8725R,PANNumber
58931277,NEG
V3613715,PassportNumber
T2371894,PassportNumber
CRI520,NEG
+91 96563 60041,Phone
TN2320935944963,NEG
2910-4300-6849,AdharcardNumber
06793230234,Phone
v9.1.46,NEG
384959310345,AdharcardNumber
86236926,NEG
281219136196,AdharcardNumber
11098755,NEG
H4344762,PassportNumber
INV-2020-300,NEG
+91 80864 03553,Phone
3459-0670-0099-4243,CreditCard
728.05,NEG
4205-9685-1953-7743,CreditCard
464489880315388,BankAccountNumber
6029 8778 7358 5660,CreditCard
050537666081126,BankAccountNumber
f7655259abee,NEG
4801.16,NEG
D9275480,PassportNumber
FUPLA3843B,PANNumber
9567.66,NEG
F0473650,NEG
D4636317,PassportNumber
6550 0942 1410 5276,CreditCard
MBW4245272,VoterID
YMW7960419,VoterID
6611 2545 7386,AdharcardNumber
25951426,NEG
RJ 0186011 5400051,NEG
L9056265,PassportNumber
6647-4367-1365,AdharcardNumber
5232472828954008,CreditCard
5105580002722142,CreditCard
N6045547,PassportNumber
06767699150,Phone
5511395001680946,CreditCard
5942.78,NEG
GA-20-1989-4900892,DrivingLicenceNumber
ZZ-02-1994-6824905,NEG
36375799,NEG
RJ-04-2019-3440411,DrivingLicenceNumber
2737831597,NEG
Q1281452,NEG
017325900732,NEG
E5058008,PassportNumber
919918362644,Phone
5086 2341 9964 3389,CreditCard
6523875082768177,CreditCard
T0687047,NEG
009409165734,NEG
790175186362,AdharcardNumber
v8.13.96,NEG
FHV729,NEG
P0300935,NEG
357662250608,NEG
BDQ3127701,VoterID
YXCCX0392J,PANNumber
8391.96,NEG
5089 3781 0539 1281,CreditCard
WBNBJ7421E,PANNumber
6016-4005-2420,AdharcardNumber
20240326,NEG
11764846,NEG
4626325144881,BankAccountNumber
873095326706,NEG
36533774604,BankAccountNumber
3431 5204 9980 9499,CreditCard
3402234614,NEG
GKNTO2521P,PANNumber
9908-7406-4030,AdharcardNumber
+91 70388 06533,Phone
5123-6914-9611-2878,CreditCard
PB4118991917458,NEG
35832400,NEG
544322524968,NEG
HEBJO9981H,PANNumber
P3044397,PassportNumber
5134275576729919,NEG
20240220,NEG
835411659726347557,BankAccountNumber
ZCL1701295,VoterID
0133344376,NEG
v4.18.94,NEG
048235715586863956,BankAccountNumber
08965555356,Phone
VJTTS8279L,PANNumber
GGBAB7053I,PANNumber
28528864,NEG
5288341335139014,NEG
X7848147,NEG
I7766294,NEG
v3.0.98,NEG
R1772625,PassportNumber
676427896157,NEG
KEB348,NEG
RJ 08 1985 3311280,DrivingLicenceNumber
D9005375,PassportNumber
896.58,NEG
40724506,NEG
D6419876,PassportNumber
1611035659,NEG
5089-9626-9708-3867,CreditCard
6428973179,Phone
14298315229107322,BankAccountNumber
GA3219932211102,DrivingLicenceNumber
9731882617,Phone
X8427157,NEG
GJ 37 2005 8402874,DrivingLicenceNumber
715116966,BankAccountNumber
FBDGG3688I,PANNumber
923602446544,NEG
5091-3075-6265,AdharcardNumber
MP 26 1991 0916596,DrivingLicenceNumber
512755540239,NEG
4445 0928 6052 1022,CreditCard
125390127660,NEG
KRM7979292,VoterID
RRMCL3355L,PANNumber
060587905229,NEG
383933529041,AdharcardNumber
57221870,NEG
PB-19-1993-1678052,DrivingLicenceNumber
79fdf29d74b2,NEG
984980841241,AdharcardNumber
YAR4483468,VoterID
INV-2026-685,NEG
75512121,NEG
5183111,NEG
815654527116,AdharcardNumber
YBJ732,NEG
UOG377,NEG
2659-4013-9905,AdharcardNumber
DL-28-2019-7161080,DrivingLicenceNumber
3586824051,NEG
S4014719,PassportNumber
1110.91,NEG
Q1882740,NEG
3687849477,NEG
KLUBR8510F,PANNumber
v9.0.70,NEG
63111726,NEG
25971075633535,BankAccountNumber
GZEGW2500E,PANNumber
GJ-3209308-1298455,NEG
CFX1449847,VoterID
KNVHK7532Z,PANNumber
2541.51,NEG
CUP9417483,VoterID
97928951,NEG
INV-2021-852,NEG
227911549885,NEG
6105 6481 4912,AdharcardNumber
20240724,NEG
Y6666683,PassportNumber
INV-2022-452,NEG
AS-05-2003-6280083,DrivingLicenceNumber
839821465840,AdharcardNumber
44f47cf843e6,NEG
5260119391038293,NEG
V5707200,PassportNumber
OD-22-1981-1025219,DrivingLicenceNumber
F9422223,PassportNumber
140169332846,NEG
672205397074,NEG
103468616302,NEG
BR2519830228582,DrivingLicenceNumber
09758030468,Phone
1983.80,NEG
S0287314,NEG
W1048964,PassportNumber
ZZ-11-2011-9037954,NEG
1978145900,NEG
3097768893628,BankAccountNumber
OQQCM5803Z,PANNumber
RLKLI9821Q,PANNumber
247095214563,AdharcardNumber
B6436459,PassportNumber
9665674916,Phone
3783 9084 7007,AdharcardNumber
+91 93099 38425,Phone
SSECB7522I,PANNumber
5579531112359048,NEG
+91 88072 79103,Phone
12584653,NEG
v5.17.44,NEG
985520297693,NEG
4666053428,NEG
LOHTT3056Z,PANNumber
v2.5.94,NEG
322681594743,NEG
R2199180,PassportNumber
5509671397191266,CreditCard
U6628843,PassportNumber
+91 92018 59626,Phone
06966553307,Phone
YLU1772324,VoterID
ZZ-36-1977-7790690,NEG
KDR4655311,VoterID
5267244693172940,NEG
N7591713,PassportNumber
997647545655,NEG
6987 7694 5310,AdharcardNumber
UP-33-2018-1242999,DrivingLicenceNumber
855928250365,NEG
ZZ 25 2018 2625472,NEG
3448158268687647,CreditCard
201701277069,AdharcardNumber
UMILY5987N,PANNumber
v7.0.27,NEG
252723107727,NEG
GXCGZ7279D,PANNumber
6534167812778222,CreditCard
087182749680491872,BankAccountNumber
5084 2968 8276 9708,CreditCard
452394120948,NEG
3559.04,NEG
GID5536912,VoterID
784668793036,NEG
Q7796343,NEG
INV-2023-602,NEG
8469659,NEG
232365199411,AdharcardNumber
TN 23 1976 5640807,DrivingLicenceNumber
87068914,NEG
3250909,NEG
5132 3705 8953,AdharcardNumber
6092 1188 2419 9620,CreditCard
5016856471,NEG
6179613,NEG
HTLHY1117T,PANNumber
QRABH4165C,PANNumber
XYDFV3764K,PANNumber
ZZ-15-2005-4509730,NEG
ZZ-36-2013-4723053,NEG
16045536,NEG
8753-3963-6059,AdharcardNumber
5526600047091108,NEG
1127128524,BankAccountNumber
VQD7800108,VoterID
RQUPQ1770H,PANNumber
5086 9838 4572 0260,CreditCard
RJ4320084349091,DrivingLicenceNumber
334843391333,NEG
6064853207758704,NEG
650281435314,NEG
29384401348087354,BankAccountNumber
3407846850957449,CreditCard
HR 30 1987 1672340,DrivingLicenceNumber
338000307569,AdharcardNumber
v6.18.23,NEG
SPKGE3149C,PANNumber
923610809262,NEG
8181-6502-5447-2414,CreditCard
5137956100777321,NEG
WKBCC0248C,PANNumber
TVFFE7229S,PANNumber
5379582915,NEG
3766075699944945,NEG
INV-2021-427,NEG
08504481776,Phone
717123685161,AdharcardNumber
20240512,NEG
91865509,NEG
ZZ-30-2014-3360322,NEG
3568826728,NEG
TN1818600517030,NEG
19236534606056035,BankAccountNumber
v7.17.70,NEG
HZPJL9916E,PANNumber
D8762534,PassportNumber
6012 1203 8437 5365,CreditCard
916545447022,Phone
ZZ 21 2012 0615731,NEG
4398 8636 5362 1899,CreditCard
IMB9585046,VoterID
1045418403,NEG
I3027871,NEG
3423-8023-6219-2157,CreditCard
INV-2020-936,NEG
1335401127,NEG
33324707392,BankAccountNumber
3531331,NEG
XLX5290638,VoterID
74647351,NEG
ANG868,NEG
W3661085,PassportNumber
8109832210102322,CreditCard
SSW7297560,VoterID
697110384712,NEG
ZZ 14 1980 8924374,NEG
16541386,NEG
Q3328002,NEG
J0614974,NEG
GJ-13-2019-1574506,DrivingLicenceNumber
SGRTX8331I,PANNumber
3833557077,NEG
08186203036,Phone
W6085016,PassportNumber
5529594523158282,NEG
I8294423,NEG
Q6454207,NEG
4766 3493 3965 0498,CreditCard
I3633158,NEG
O9907075,NEG
6588 2247 3126 1684,CreditCard
335479500843,NEG
0620073024,NEG
737474112495,AdharcardNumber
3708-8223-0958-6291,CreditCard
XBJ6683988,VoterID
20241115,NEG
20240427,NEG
60821371184254,BankAccountNumber
X6429232,NEG
ZZ-45-2022-0353023,NEG
AAL708,NEG
S9113799,PassportNumber
INV-2023-006,NEG
ZZ 18 2001 0264619,NEG
G6209042,PassportNumber
IOE811,NEG
747887287437,AdharcardNumber
INV-2024-551,NEG
K7684550,PassportNumber
QUD5557607,VoterID
ZZ 30 1981 8267509,NEG
KL 23 1987 5756693,DrivingLicenceNumber
DL 03 2022 3534636,DrivingLicenceNumber
TN 3189980 2864367,NEG
v3.18.25,NEG
20241022,NEG
717107308710,NEG
390496631937,AdharcardNumber
7466.13,NEG
12957860694096,BankAccountNumber
06136749261,Phone
WQN2901925,VoterID
8135434685863908,NEG
FBGCP3109U,PANNumber
664715437990,AdharcardNumber
1141.24,NEG
UK 1189976 7829013,NEG
INV-2022-333,NEG
4953-1419-6156-0787,CreditCard
5372603214505766,BankAccountNumber
MP-06-1989-6817099,DrivingLicenceNumber
6499-7278-7550,AdharcardNumber
SIIFN9594V,PANNumber
106166910086,NEG
2559396521,NEG
575679825076,AdharcardNumber
0896558344,NEG
880701203035,NEG
56904618,NEG
ZZ 33 1996 2812862,NEG
TS0220151614071,DrivingLicenceNumber
PGWLK3001D,PANNumber
UK2720183940298,DrivingLicenceNumber
20240328,NEG
ZZ-32-2019-1259683,NEG
DAMHB0342J,PANNumber
Z4461571,PassportNumber
INV-2023-690,NEG
+91-6216636515,Phone
07904090742,Phone
NDX7426297,VoterID
P3467197,PassportNumber
20240714,NEG
HP 1209300 7720696,NEG
8199097005,Phone
92351193,NEG
5194 4258 9222 5602,CreditCard
3128.15,NEG
LNV5701478,VoterID
0c9bb9943bf7,NEG
MDDCP8006Q,PANNumber
3381.07,NEG
379607578987,NEG
9252.93,NEG
713.33,NEG
20240820,NEG
VUG2226920,VoterID
199764534966,NEG
A9331819,PassportNumber
HR 06 1990 9106750,DrivingLicenceNumber
DAGHU4171J,PANNumber
DL1019857976963,DrivingLicenceNumber
JGYTQ7801V,PANNumber
INK4968479,VoterID
JH-06-1994-9507063,DrivingLicenceNumber
MVV713,NEG
4735104584743623,CreditCard
F7527354,PassportNumber
974292501058,BankAccountNumber
YNKTC1665L,PANNumber
8138 9633 7618 5184,CreditCard
cf46621883fe,NEG
730639531675,NEG
918137681511,Phone
20240628,NEG
504376613661,NEG
KL 09 2004 7689840,DrivingLicenceNumber
20241122,NEG
L5414967,PassportNumber
13060906913,BankAccountNumber
5081729940369488,NEG
5226679419087881,NEG
80e03f0cf3b5,NEG
68bc24bf08e7,NEG
8878179415,BankAccountNumber
KOS1444438,VoterID
3439 7079 8661 7707,CreditCard
ZGEPN1632T,PANNumber
804223253674,AdharcardNumber
INV-2025-864,NEG
20240724,NEG
9412182097,Phone
69326573275,BankAccountNumber
8564-8236-6295,AdharcardNumber
3267 8886 1016,AdharcardNumber
C0460519,NEG
P0261684,NEG
8185 0342 3622 0330,CreditCard
5433 2003 7913,AdharcardNumber
5528293020256916,CreditCard
v8.2.61,NEG
484494116318732,BankAccountNumber
6572.00,NEG
HUAHC4656M,PANNumber
672007843,BankAccountNumber
789900277295,NEG
5132 0410 4294 8319,CreditCard
20241210,NEG
5860167449,NEG
2479406453,NEG
449773677246,NEG
Q1112869,NEG
KHJ3463308,VoterID
ZZ 32 2002 2024876,NEG
7582386870,Phone
5238 8856 2258 6607,CreditCard
INV-2025-589,NEG
132495193508,NEG
MCRLF3460D,PANNumber
301666870025,AdharcardNumber
FRL935,NEG
I1081021,NEG
5295868419,NEG
GOTLP2369E,PANNumber
24527905040433335,BankAccountNumber
1636885016,NEG
W0982907,NEG
094f82d5fd6c,NEG
XMMTU8490Y,PANNumber
ZZ-19-1976-7820029,NEG
6818268323035892,BankAccountNumber
916948181398,Phone
5290150713806710,CreditCard
5548004172415533,NEG
31810037,NEG
AS1119935057768,DrivingLicenceNumber
97423466,NEG
INV-2026-885,NEG
917287772519,Phone
264332262275,NEG
2706170690,NEG
R6604177,PassportNumber
850704039232,NEG
6502551282763640,CreditCard
287603859777,AdharcardNumber
356022939469434,BankAccountNumber
692531649825,NEG
6574-1743-0435-0230,CreditCard
+91 64474 43096,Phone
377576343055,NEG
Z7425690,PassportNumber
ZZ 41 2011 9038452,NEG
v2.1.10,NEG
4920749269996,BankAccountNumber
89481085,NEG
RZH0819251,VoterID
4564-2045-6577-5804,CreditCard
OD2719899605052,DrivingLicenceNumber
v7.18.28,NEG
OJN9450377,VoterID
G2277220,PassportNumber
5597-8207-1512,AdharcardNumber
GJ 17 2005 2540626,DrivingLicenceNumber
CG-38-2005-4413299,DrivingLicenceNumber
5088818738775835,NEG
8197-8653-3943-1910,CreditCard
RIHBP9552P,PANNumber
6019951715239109,CreditCard
+91 83471 28715,Phone
1534581956,NEG
VUXGO0433W,PANNumber
3489370858062350,CreditCard
5266 3295 6342 7773,CreditCard
TGS2593718,VoterID
GHUAV3468A,PANNumber
545819204874,NEG
67935788,NEG
61114576832102192,BankAccountNumber
4223788705,NEG
ZZ3119939735142,NEG
6543 5748 3526 8066,CreditCard
333480396524,AdharcardNumber
07711306211369572,BankAccountNumber
O7314811,NEG
+91-9636186371,Phone
213389083863,AdharcardNumber
VKRPA4397H,PANNumber
D8226016,PassportNumber
478768868,BankAccountNumber
989075199191,NEG
2972438712,NEG
6873 4714 3454,AdharcardNumber
Y4286326,PassportNumber
6711-6719-0225,AdharcardNumber
PB0119956984405,DrivingLicenceNumber
PB-04-1999-6328833,DrivingLicenceNumber
5113 4078 5169 9496,CreditCard
2229907756,BankAccountNumber
9458870715,BankAccountNumber
d30c3c19b0b5,NEG
4890-5836-6834-8261,CreditCard
5261 5838 8217 6488,CreditCard
5241 5285 7256 2922,CreditCard
52968105,NEG
AP0118991228667,NEG
5556999299833580,NEG
6635.35,NEG
YFZ0175132,VoterID
T1185694,PassportNumber
868516122751,AdharcardNumber
ZZ-30-2002-2903454,NEG
2132 6773 6029,AdharcardNumber
B0472386,NEG
5088 1987 8092 7048,CreditCard
976340728529,NEG
Q9645532,NEG
ZZ3420188129450,NEG
O4090461,NEG
688693205530,NEG
KA-03-2002-1685084,DrivingLicenceNumber
4752872099,NEG
ATPAG9776O,PANNumber
C8174773,PassportNumber
3408-2695-8264-1869,CreditCard
RJ 05 1986 2540117,DrivingLicenceNumber
5524 0824 0085,AdharcardNumber
B0385886,NEG
9738.11,NEG
9833-9187-8519,AdharcardNumber
288447408370,NEG
Z9471391,PassportNumber
097534115736,NEG
5086904539252877,NEG
JQBGR9258W,PANNumber
TDD6639578,VoterID
IZBBM0843E,PANNumber
4695-3541-2012-2752,CreditCard
ASSJY9308I,PANNumber
5586860835701702,NEG
4823530976691949,NEG
INV-2020-927,NEG
3219-6565-2349,AdharcardNumber
20240727,NEG
v4.18.57,NEG
5363159229,NEG
013482084936,NEG
6705 5169 4095,AdharcardNumber
960366909673,AdharcardNumber
5081087392219838,NEG
902135569093,AdharcardNumber
L8701715,PassportNumber
ZSUAF7104A,PANNumber
06271487271,Phone
3356152665,NEG
636110371299,AdharcardNumber
490350061841,NEG
CND0940329,VoterID
BUI8031838,VoterID
5239964771837538,NEG
470659341042,NEG
3724066283463346,NEG
749147744730,NEG
3768549272400020,NEG
060119875617,BankAccountNumber
97040598,NEG
8102990348042473,NEG
858167046,BankAccountNumber
211547734947,NEG
6082-1444-8896-6999,CreditCard
3711955640919691,CreditCard
ZZ 38 2014 1397787,NEG
657ea0f54a4b,NEG
4550330000886345,NEG
TPBHI6299V,PANNumber
d3329771d800,NEG
Q7320713,NEG
424441899749,NEG
X6590261,NEG
JLA5399676,VoterID
CLQCJ4914Y,PANNumber
5184 9135 9928 5534,CreditCard
a7527bd361e6,NEG
20241211,NEG
KL2820055090516,DrivingLicenceNumber
7164c8b5be77,NEG
ETS2797337,VoterID
U1061027,PassportNumber
1902215439,NEG
517680866281372,BankAccountNumber
785847129618,BankAccountNumber
916111096179,Phone
8226 6093 7965,AdharcardNumber
965068750328,NEG
043695310291,NEG
20240911,NEG
82686270369249,BankAccountNumber
3405-2438-3805-8262,CreditCard
UK2820020958291,DrivingLicenceNumber
4003753989231329,NEG
42545995,NEG
UP 03 1986 8501338,DrivingLicenceNumber
01849804253733777,BankAccountNumber
5537-9121-2110-1874,CreditCard
3918-2619-9061,AdharcardNumber
BTI9260614,VoterID
ZZ-09-1994-3559747,NEG
ODPPU9991P,PANNumber
G0481409,NEG
TZZ7554276,VoterID
+91-7950033423,Phone
528992bade87,NEG
+91-8363910257,Phone
R7174224,PassportNumber
5ccb6c3fe73e,NEG
430120471372711759,BankAccountNumber
893471052211,NEG
20240610,NEG
267883171213,AdharcardNumber
8166432031726653,NEG
050702608,BankAccountNumber
6552-3112-3274-8970,CreditCard
DL 27 2010 3347444,DrivingLicenceNumber
FKS0337345,VoterID
KL-44-2001-1197779,DrivingLicenceNumber
D9253092,PassportNumber
52715208,NEG
3723 3944 9530 0672,CreditCard
5088-6424-2383-9722,CreditCard
AP3518993090124,NEG
406.07,NEG
MH-2189904-9646135,NEG
X8722147,NEG
v5.3.40,NEG
5049682,NEG
8160080179867784,CreditCard
504672614485,NEG
3768550789679,BankAccountNumber
6014-5430-7963-7310,CreditCard
214890250396,AdharcardNumber
18299874781,BankAccountNumber
HTIAD2908O,PANNumber
6081498025308430,NEG
3088 3982 2589,AdharcardNumber
B3727857,PassportNumber
UOD3056477,VoterID
PB2018604087534,NEG
W2741011,PassportNumber
12444715,NEG
WXF2208690,VoterID
v2.15.52,NEG
SXL8662755,VoterID
BR3718600775446,NEG
6062195368900573,NEG
R9524013,PassportNumber
692217048616,NEG
JFVFF4172X,PANNumber
6022117327726487,NEG
PB0919920700298,DrivingLicenceNumber
WULHM7722G,PANNumber
Z0306718,NEG
838280053573,NEG
Q1958982,NEG
20241025,NEG
4074993598,NEG
298050097888,AdharcardNumber
+91 67756 62056,Phone
GEZHP0267E,PANNumber
4858001873143916,NEG
4834791005932570,NEG
E1177749,PassportNumber
MUF7142250,VoterID
INV-2020-066,NEG
OWH1607674,VoterID
4942868,NEG
DL-38-1999-3694504,DrivingLicenceNumber
v1.6.93,NEG
63067839,NEG
4607455534,BankAccountNumber
K0802455,NEG
INV-2026-462,NEG
KEJ1087378,VoterID
4814-8932-5284,AdharcardNumber
S0606349,NEG
2791351135,NEG
4055855759,NEG
83333939578,BankAccountNumber
7768089812,BankAccountNumber
HP-27-2018-9810567,DrivingLicenceNumber
V3906007,PassportNumber
890858925157,NEG
355277858061,NEG
DL-12-2021-9891145,DrivingLicenceNumber
CEALG5647L,PANNumber
J5019292,PassportNumber
4595031006493405,CreditCard
I9541064,NEG
INV-2025-842,NEG
916765024120,Phone
499229959005,AdharcardNumber
814341036976,AdharcardNumber
04032537657692778,BankAccountNumber
Y6044818,PassportNumber
8451052650,Phone
ZNT494,NEG
749810458909,NEG
916249384308,Phone
JNC5697318,VoterID
8024.59,NEG
YIQAL6420R,PANNumber
QORPB3845P,PANNumber
UK-08-2002-2453607,DrivingLicenceNumber
5288807005102872,NEG
4949819421,BankAccountNumber
INV-2021-401,NEG
AP-11-1997-8399319,DrivingLicenceNumber
40733337320,BankAccountNumber
4349-1891-1797-2037,CreditCard
3132394564,NEG
HP 08 2023 4819614,DrivingLicenceNumber
F7952499,PassportNumber
DL-08-2003-1979587,DrivingLicenceNumber
v2.0.16,NEG
SAF802,NEG
94614981,NEG
+91 85112 74747,Phone
8990 1398 3739,AdharcardNumber
+91-6306442121,Phone
873374612158,NEG
Q5247900,NEG
344130686249,NEG
3631.27,NEG
2198041847,BankAccountNumber
IPFFI6392B,PANNumber
X3346476,NEG
+91-8971892419,Phone
LJQ5317906,VoterID
5521-5513-0557-0831,CreditCard
6013701,NEG
6539389920457359,CreditCard
+91-6293908788,Phone
C0963039,NEG
88914444983553,BankAccountNumber
BCYBK5616R,PANNumber
2243198392,NEG
U5289107,PassportNumber
AP 03 1996 7070015,DrivingLicenceNumber
5115355051432194,NEG
5256806562590459,BankAccountNumber
AP-04-1976-3291259,DrivingLicenceNumber
41771829,NEG
YSWFE6657A,PANNumber
0841947855,NEG
+91-6692364587,Phone
XYB6096391,VoterID
5561-5951-4847,AdharcardNumber
20240821,NEG
D3075452,PassportNumber
FQA700,NEG
20240304,NEG
CCFGH5544T,PANNumber
5795728575,NEG
030835669,BankAccountNumber
ZDXAZ9660K,PANNumber
v8.3.69,NEG
TN 26 2020 3847594,DrivingLicenceNumber
+91-7462095200,Phone
SAI6109621,VoterID
6479-6275-7058,AdharcardNumber
10213125129311005,BankAccountNumber
FLJ2730418,VoterID
INV-2026-883,NEG
5532973239644021,NEG
2240 2681 1773,AdharcardNumber
X9256789,NEG
28694661,NEG
20241219,NEG
221ae06c61dc,NEG
20241120,NEG
+91 92239 72404,Phone
6297454930364687,BankAccountNumber
UWWGY9893Y,PANNumber
3617-9904-2109,AdharcardNumber
M2403696,PassportNumber
554549480830,AdharcardNumber
238223116491,BankAccountNumber
XPO104,NEG
314417064625540,BankAccountNumber
4480-8613-1712,AdharcardNumber
07683158935,Phone
Z7412203,PassportNumber
EVR6279004,VoterID
5846018040,NEG
5410167930,NEG
v9.4.73,NEG
v9.2.17,NEG
SKF290,NEG
989257140259,NEG
832503139284,NEG
30987533,NEG
YCDBT2164H,PANNumber
c3e1de02a351,NEG
+91 65802 56621,Phone
INV-2026-764,NEG
3491-6011-2411-5846,CreditCard
O8024277,NEG
75bce65569e8,NEG
BHTAA8705T,PANNumber
INV-2024-537,NEG
AZN2177128,VoterID
3738.84,NEG
X6852176,NEG
823272371797,NEG
CJPHD4586Q,PANNumber
OD1318608572173,NEG
604.51,NEG
916595518426,Phone
6048-6989-3969-8744,CreditCard
6022122427677466,CreditCard
5523329704,NEG
5198 0746 8235 4697,CreditCard
21830979,NEG
M1097519,PassportNumber
W0285516,NEG
DME447,NEG
20240326,NEG
4265-6766-1822,AdharcardNumber
7301-7426-8411,AdharcardNumber
INV-2026-074,NEG
917892866464,Phone
v2.17.72,NEG
WRWTZ5392M,PANNumber
20240822,NEG
W7927868,PassportNumber
HZF7741111,VoterID
5431132661,NEG
7657.01,NEG
294065658231,NEG
P3422010,PassportNumber
NRO8222404,VoterID
e07737c925c9,NEG
3752841356948044,NEG
20240427,NEG
8870605664,Phone
8169087167221045,NEG
1777.98,NEG
5407-4517-1331,AdharcardNumber
20241217,NEG
94069748,NEG
827960242570,NEG
283631119248,NEG
v7.13.9,NEG
84366044324006157,BankAccountNumber
06260650191,Phone
POB115,NEG
v1.19.25,NEG
5085855852294255,NEG
OLX4015044,VoterID
11665998,NEG
021746535373,NEG
5263840911,BankAccountNumber
4812743922,NEG
20240121,NEG
717481131,BankAccountNumber
V8199758,PassportNumber
2608040,NEG
51338642,NEG
+91-8438612590,Phone
INV-2024-488,NEG
DL-41-1980-1600363,DrivingLicenceNumber
6512436585856424,CreditCard
735722892061,NEG
HLS6085502,VoterID
+91-8786170630,Phone
3467262084672923,NEG
v8.17.49,NEG
2674.17,NEG
375900170673,NEG
964899718428596932,BankAccountNumber
CKTTP0629N,PANNumber
E9604765,PassportNumber
B8587771,PassportNumber
4448.44,NEG
9072801234289,BankAccountNumber
60423597371,BankAccountNumber
09451066343,Phone
MP-2209325-3294553,NEG
6310094318,Phone
WWO2976792,VoterID
L6963632,PassportNumber
5087211708894801,CreditCard
9267146283,Phone
XQX8670766,VoterID
7004 7974 8011,AdharcardNumber
3171-8227-8244,AdharcardNumber
OCZ851,NEG
8142-9396-8564,AdharcardNumber
AKT4193310,VoterID
73959232342108902,BankAccountNumber
UHE432,NEG
2336113711,NEG
XYW587,NEG
ZZ-01-1987-5491424,NEG
TS 15 1978 8278177,DrivingLicenceNumber
C0652289,NEG
WQELU7181F,PANNumber
2168061349,NEG
6041962342192621,CreditCard
FQF5042941,VoterID
4807-3741-6723,AdharcardNumber
CQY3535328,VoterID
JH 18 2007 3608883,DrivingLicenceNumber
4445002026838781,NEG
20241014,NEG
HR-09-1997-4752408,DrivingLicenceNumber
H3945625,PassportNumber
BR0520076968921,DrivingLicenceNumber
UWC7688025,VoterID
6510-7622-6833,AdharcardNumber
8758252,NEG
HR-08-2025-6339385,DrivingLicenceNumber
71956235,NEG
ZZ 43 1978 8680947,NEG
VPB4379180,VoterID
MYN0095169,VoterID
KA-0209319-7623937,NEG
JH0320167457127,DrivingLicenceNumber
BR 04 1992 6441382,DrivingLicenceNumber
20241104,NEG
6342 6617 9799,AdharcardNumber
06970546692,Phone
T1512927,PassportNumber
6516-9500-7418-9481,CreditCard
T8766183,PassportNumber
5084 2046 6489 6673,CreditCard
OD 35 1986 6307662,DrivingLicenceNumber
62539686,NEG
v1.4.30,NEG
434456557436,AdharcardNumber
07659759545089,BankAccountNumber
590912030252,NEG
236936268,BankAccountNumber
149788795313,NEG
HTF3945289,VoterID
AP4519851224984,DrivingLicenceNumber
FIFFM9904C,PANNumber
687509263223,BankAccountNumber
5412-5286-6925,AdharcardNumber
GKLTU0425T,PANNumber
RXP3937924,VoterID
V0691433,NEG
7f49c3c60697,NEG
Z0544920,NEG
SZWLW9251H,PANNumber
793279862398471,BankAccountNumber
58764322,NEG
65290603202032,BankAccountNumber
3400 2601 5153 2595,CreditCard
3933539005,NEG
346133155531,NEG
20240527,NEG
Y6183760,PassportNumber
B3791456,PassportNumber
INV-2020-469,NEG
RSG7278852,VoterID
5152610537092307,CreditCard
6584 2170 2851 6228,CreditCard
MJA8936647,VoterID
WSGGX3875Q,PANNumber
6892.44,NEG
PAK8548795,VoterID
454341230168,NEG
9805.08,NEG
E0967074,NEG
ZZ4319987070175,NEG
866188924141,AdharcardNumber
F2946723,PassportNumber
2167045059,NEG
Z9208297,PassportNumber
4142620370878213,CreditCard
R9284106,PassportNumber
126881228217,BankAccountNumber
AS-1186001-1445542,NEG
548548420354,NEG
OGR364,NEG
+91 93718 92392,Phone
19947113633,BankAccountNumber
5159773854662324,NEG
25288375056,BankAccountNumber
INV-2020-756,NEG
eefa98a8e927,NEG
39898306503,BankAccountNumber
617015959194575757,BankAccountNumber
444764610927,NEG
044111973886,NEG
TWCPG7170L,PANNumber
R1108220,PassportNumber
5257 0900 1635 6404,CreditCard
9995 5271 7746,AdharcardNumber
791766512215001,BankAccountNumber
Z6450090,PassportNumber
273920025856,NEG
RSLGI3937M,PANNumber
X4013728,NEG
TN-27-2009-2034110,DrivingLicenceNumber
YNZBT3085G,PANNumber
+91-9044327018,Phone
OQG170,NEG
035624395,BankAccountNumber
5276433872205421,CreditCard
XDCCW7518W,PANNumber
5088754802,NEG
OWZPK1204Y,PANNumber
JH3518993383347,NEG
20240814,NEG
EQYAB9652X,PANNumber
680300735653,NEG
5080-7472-9669-4175,CreditCard
YMB6858320,VoterID
B5963919,PassportNumber
YWHJY7303O,PANNumber
844346106306,NEG
L7353153,PassportNumber
VDM9733433,VoterID
POD9008251,VoterID
50476816995706,BankAccountNumber
65346997990707,BankAccountNumber
6025 5032 5017 3656,CreditCard
91137178509,BankAccountNumber
FOSAO1452W,PANNumber
BR2818991986325,NEG
Z0510857,NEG
WTH8783858,VoterID
BQHFU6631O,PANNumber
T1647969,PassportNumber
GJZ792,NEG
ZZ 45 1994 0705124,NEG
GATBA7778Z,PANNumber
113518302582,NEG
5159389676353676,NEG
017985490042,NEG
861771159214,AdharcardNumber
N3319818,PassportNumber
WGR333,NEG
v7.17.65,NEG
8157 0820 0480 6750,CreditCard
9120381876,BankAccountNumber
UGL8368311,VoterID
INV-2023-349,NEG
106689041727,NEG
C3692124,PassportNumber
WUH3830908,VoterID
5959 9534 2835,AdharcardNumber
9394-7312-1723,AdharcardNumber
AS-32-2007-3778985,DrivingLicenceNumber
655223506083,NEG
ZNY4519499,VoterID
13219154,NEG
SLZGN2053Z,PANNumber
UWY603,NEG
6062-9250-8177-6023,CreditCard
0664051102,NEG
INV-2023-300,NEG
MH-41-1981-4595681,DrivingLicenceNumber
UK3519960378201,DrivingLicenceNumber
035974876800,NEG
VEXLL0373C,PANNumber
UUL870,NEG
IUH0469840,VoterID
KLS6340280,VoterID
v9.4.83,NEG
5547-8536-9881-6494,CreditCard
UP-37-1996-7708825,DrivingLicenceNumber
GPD7413819,VoterID
INV-2025-073,NEG
+91 65233 02764,Phone
379808932461,AdharcardNumber
ZZ1020096201153,NEG
3404960266765270,NEG
17ee662b0753,NEG
4944238602050896,NEG
v9.11.67,NEG
+91-9584745705,Phone
Q2558716,NEG
K7498931,PassportNumber
20240507,NEG
O7816044,NEG
I7518070,NEG
3718559508374562,NEG
99886834527346666,BankAccountNumber
VVB1089762,VoterID
9683890309,Phone
499168629829,NEG
5110583309673978,NEG
3746300099,NEG
6130.96,NEG
MP-01-1992-3510200,DrivingLicenceNumber
864160529755,AdharcardNumber
9280-8010-0627,AdharcardNumber
509775396737948,BankAccountNumber
4709201991,NEG
TN 33 1981 0905929,DrivingLicenceNumber
TN 2186022 3781493,NEG
ZTQFW3920L,PANNumber
4811594853,NEG
LLY8775200,VoterID
FTR668,NEG
2145205802,NEG
72509891,NEG
A2093911,PassportNumber
S2284781,PassportNumber
3564224059,NEG
08807970509,Phone
INV-2024-370,NEG
202168493657,NEG
C8520716,PassportNumber
07693121637,Phone
RJ2220930414886,NEG
70795515122,BankAccountNumber
5203197899901143,NEG
20240713,NEG
v6.14.32,NEG
20241205,NEG
I2602065,NEG
20240625,NEG
Z2583776,PassportNumber
R6137116,PassportNumber
HR 2189989 4267888,NEG
9706734996010548,BankAccountNumber
b309bf78dd98,NEG
UK2219839055793,DrivingLicenceNumber
CG0420065130834,DrivingLicenceNumber
465b0f3d2476,NEG
XUACM6088A,PANNumber
20240827,NEG
KJQ1967908,VoterID
5412 3281 2066,AdharcardNumber
76829751474,BankAccountNumber
XRGAR8487T,PANNumber
WB-31-1995-3884506,DrivingLicenceNumber
973515850649,AdharcardNumber
20240718,NEG
L0946989,NEG
529121277566,AdharcardNumber
INV-2026-201,NEG
7e1a40acdb26,NEG
741897215406,BankAccountNumber
8168112303885681,NEG
075283599945,NEG
5579006548708471,NEG
381412478268,AdharcardNumber
7046d83d7d6a,NEG
PRX470,NEG
313753582109,NEG
4016492815,NEG
M8905528,PassportNumber
5153193625260223,NEG
Z8524372,PassportNumber
MH-31-2017-2053135,DrivingLicenceNumber
91272957,NEG
94314121,NEG
v4.12.8,NEG
BR2320108483290,DrivingLicenceNumber
968225127267,NEG
7667 6527 7581,AdharcardNumber
NDGFW6120O,PANNumber
INV-2025-948,NEG
7325411076,Phone
491146786692,AdharcardNumber
6020197121241399,CreditCard
G0048625,NEG
BYH844,NEG
ZZ3920236553291,NEG
449369995167933,BankAccountNumber
J0149003,NEG
MP-05-2006-9357277,DrivingLicenceNumber
917104275230,Phone
c0aaa8cb85c7,NEG
W1580778,PassportNumber
3656-0494-5197,AdharcardNumber
5086 7080 8974 7483,CreditCard
GJ 09 2008 3867752,DrivingLicenceNumber
IWO4438331,VoterID
6009674627205367,NEG
1f91977dbece,NEG
6571843019220950,NEG
82305248088,BankAccountNumber
4186766100898760,CreditCard
NYETF5188X,PANNumber
XSA557,NEG
4695235786529415,NEG
EWRHS9796Q,PANNumber
20240107,NEG
5150-9839-3015,AdharcardNumber
INV-2022-620,NEG
P0505276,NEG
4217 0754 8534 6558,CreditCard
9512070496,Phone
TN-14-1982-6247668,DrivingLicenceNumber
918399893544,Phone
3537 1473 2105,AdharcardNumber
737880331832,NEG
GA 4189977 4654725,NEG
F0826254,NEG
3778417159497340,NEG
SOB1284063,VoterID
5183 8545 4006 4456,CreditCard
+91-8625313552,Phone
SPYAY5779A,PANNumber
09942007494,Phone
862782827428,AdharcardNumber
9409762637484,BankAccountNumber
5224711936006088,NEG
GWGTB1981P,PANNumber
DRB812,NEG
24421654,NEG
RJ-33-2025-9755725,DrivingLicenceNumber
357600946357,NEG
Z6431652,PassportNumber
HISPE1158N,PANNumber
751157797897,NEG
VUMHR9002Q,PANNumber
4622 4447 2120,AdharcardNumber
ZZ 38 1988 7208922,NEG
8243772942,Phone
8672438070,Phone
5262417842902924,CreditCard
ICX3187908,VoterID
5123155505705211,NEG
CFH3411176,VoterID
GUETR3248E,PANNumber
JH-08-1996-5647891,DrivingLicenceNumber
HWU496,NEG
8167625923868791,NEG
3710740274067589,NEG
IXZFY2513L,PANNumber
RJ-21-1987-9364544,DrivingLicenceNumber
R7974995,PassportNumber
FDLPM4890T,PANNumber
6542-4631-0437-9682,CreditCard
4116.48,NEG
MH-0209305-5787815,NEG
RFPGL3942X,PANNumber
a5be6ee8ff80,NEG
2124605164,NEG
CUH2316596,VoterID
6595-0740-7173-2799,CreditCard
YVL7114847,VoterID
LXB8913206,VoterID
S0192817,NEG
255269658277,AdharcardNumber
608070633699879509,BankAccountNumber
3404207675,NEG
BR0519919120870,DrivingLicenceNumber
K8836674,PassportNumber
474846773788,AdharcardNumber
5088 6787 4422 7585,CreditCard
919596089319,Phone
7b819fc5a6b1,NEG
v3.6.95,NEG
VSB5408505,VoterID
JLNBE4008Y,PANNumber
ZZ-42-1975-0053904,NEG
CG0820063868382,DrivingLicenceNumber
20240723,NEG
9175-6551-2567,AdharcardNumber
5539-1218-7062-9329,CreditCard
5709085991,BankAccountNumber
61961703,NEG
HWXJI5257O,PANNumber
5288498745513586,NEG
06401041459,Phone
+91 88971 48026,Phone
H9649081,PassportNumber
159991938737,NEG
9865-2785-8548,AdharcardNumber
+91-9030376371,Phone
7071587964,BankAccountNumber
70713984822850,BankAccountNumber
TJX7728326,VoterID
D2877347,PassportNumber
SWECQ5156S,PANNumber
9676 7721 9039,AdharcardNumber
+91 79885 47281,Phone
UP-16-1993-2176278,DrivingLicenceNumber
110618819417,NEG
INV-2024-619,NEG
J3711477,PassportNumber
GA 30 1995 1904823,DrivingLicenceNumber
INV-2025-084,NEG
UTVBP9851Z,PANNumber
7091.74,NEG
3752354268744708,CreditCard
EQJ0435209,VoterID
9674fd618d10,NEG
VKZ0902615,VoterID
2146 2638 3800,AdharcardNumber
5082 0753 6051 1713,CreditCard
83955825,NEG
ZZ-17-1992-6583390,NEG
IRL1974922,VoterID
+91 97749 69033,Phone
a906ba9dbdb6,NEG
9249127113,Phone
DL3620228309834,DrivingLicenceNumber
H5911415,PassportNumber
0907499216,NEG
3496053026184020,NEG
916231429001,Phone
4215167586463394,NEG
751205fbf8ea,NEG
G0056870,NEG
3744748904760784,NEG
C1270790,PassportNumber
956467263681,NEG
5086556192767130,NEG
GA2820083226189,DrivingLicenceNumber
N0903265,NEG
06d0e447a147,NEG
V6528938,PassportNumber
BMDHB3471O,PANNumber
AP3320036555092,DrivingLicenceNumber
v6.11.42,NEG
4027304276,NEG
QRMPR6803J,PANNumber
48c627e7e29b,NEG
09649215182,Phone
OLKFK5665T,PANNumber
2203401535,NEG
6562922666788092,NEG
7934497347,Phone
HPV280,NEG
3496 3637 2629 4207,CreditCard
292753269732,AdharcardNumber
916717524214,Phone
ZZ-44-2019-7704739,NEG
918226557676,Phone
78867908,NEG
20240619,NEG
08456690782,Phone
4081-7852-2115-8710,CreditCard
W7164236,PassportNumber
+91 93928 23414,Phone
W0913831,NEG
3453591765,NEG
658833987411325,BankAccountNumber
KLNJD3906B,PANNumber
GUT0279750,VoterID
3464184937846793,CreditCard
49743864,NEG
91739186,NEG
D1592745,PassportNumber
CYG386,NEG
298593174612,AdharcardNumber
6740-7482-1752,AdharcardNumber
S9817884,PassportNumber
ZZ2020056938328,NEG
H0344009,NEG
MP-15-2011-2101871,DrivingLicenceNumber
3403687156891094,NEG
C0652761,NEG
UK4320053511584,DrivingLicenceNumber
RUH771,NEG
UBT1873734,VoterID
8436.30,NEG
KL3119930522735,DrivingLicenceNumber
GTR3204180,VoterID
6589-5613-3718-4441,CreditCard
ZNI9015093,VoterID
4009378146,NEG
SQH4105254,VoterID
JLKFP7169J,PANNumber
737945772785324,BankAccountNumber
60164829,NEG
5269834436958054,NEG
9090.15,NEG
84242657,NEG
5160-9114-1319-3593,CreditCard
TLS7239885,VoterID
2252786309,NEG
C1385695,PassportNumber
20240702,NEG
20240825,NEG
YYVPP2290H,PANNumber
4929735259533223,CreditCard
WB-36-1984-1442899,DrivingLicenceNumber
6527-3677-4620-2583,CreditCard
JH-37-2002-7462920,DrivingLicenceNumber
07863960962,Phone
4226731234,NEG
KL3520054956279,DrivingLicenceNumber
G6148468,PassportNumber
INV-2024-338,NEG
5504660012838274,NEG
YXG220,NEG
UK-25-2018-0303582,DrivingLicenceNumber
462776572,BankAccountNumber
+91 91526 54610,Phone
67245685,NEG
5269694439164,BankAccountNumber
5517146199539464,NEG
WB-1209378-2461186,NEG
E0497939,NEG
908144152,BankAccountNumber
v1.7.27,NEG
INV-2022-022,NEG
5985664301,NEG
v4.8.33,NEG
HP-14-1999-3094169,DrivingLicenceNumber
3048.71,NEG
L2142625,PassportNumber
W0496383,NEG
6899-6423-5369,AdharcardNumber
2306 7383 0285,AdharcardNumber
57375534490,BankAccountNumber
5586-9484-2495-9881,CreditCard
J0037676,NEG
71219881927788,BankAccountNumber
684809473189,NEG
173961597646,NEG
916537795995,Phone
WLN233,NEG
6034443946896337,NEG
6002-0418-1359-9890,CreditCard
6041260848187620,NEG
892617964056,AdharcardNumber
EJJ6489687,VoterID
5539 2188 3527 9180,CreditCard
HEI2006411,VoterID
+91 90661 49828,Phone
KYO2890222,VoterID
INV-2022-403,NEG
918931109193,Phone
4941349096197978,NEG
033970519582632809,BankAccountNumber
72626676,NEG
1532083168,NEG
KUX5066483,VoterID
SUJ7973956,VoterID
113253269496,BankAccountNumber
W3929831,PassportNumber
7466 8893 7346,AdharcardNumber
104020126773,NEG
IGOBV8969D,PANNumber
AS-39-2005-8798779,DrivingLicenceNumber
R0840190,NEG
UP0320150133725,DrivingLicenceNumber
701693429291320330,BankAccountNumber
9850-7925-2412,AdharcardNumber
ODTFH8638Z,PANNumber
c17e2016a9d9,NEG
2801.36,NEG
49779040,NEG
+91-9112233865,Phone
v9.10.36,NEG
MH4418998258240,NEG
822080749498,NEG
LJJ5290495,VoterID
703056413955,AdharcardNumber
916649383184,Phone
WOV4947259,VoterID
INV-2022-819,NEG
WB-10-2004-2520404,DrivingLicenceNumber
8886 2392 4074,AdharcardNumber
TS 14 2023 0458776,DrivingLicenceNumber
I3380133,NEG
5284540182272006,CreditCard
EHZ8096533,VoterID
P7785072,PassportNumber
97428715,NEG
477894896340,BankAccountNumber
332285566,BankAccountNumber
6077-3192-2760-7594,CreditCard
AP-10-2013-2030621,DrivingLicenceNumber
3937 4529 9122,AdharcardNumber
2965-6101-4388,AdharcardNumber
4978524914168601,BankAccountNumber
Q2272514,NEG
8127.51,NEG
ZBK1225651,VoterID
0144d84bf40a,NEG
A9115562,PassportNumber
+91-9137157660,Phone
757924991251,AdharcardNumber
704720576159,NEG
354358644963924358,BankAccountNumber
JFF6729618,VoterID
GOL8824859,VoterID
45821162,NEG
6637.89,NEG
UK4219783903597,DrivingLicenceNumber
DL-0209389-1616805,NEG
AGS7737309,VoterID
1579423873,BankAccountNumber
5143 1927 9761 7810,CreditCard
BSM2612283,VoterID
RTG997,NEG
T6625728,PassportNumber
IKXCC6868K,PANNumber
GGD9575512,VoterID
Q2462804,NEG
INV-2020-170,NEG
ZZ 37 2021 0801610,NEG
7993788614,Phone
LZVGN1100E,PANNumber
CG-28-1993-4548432,DrivingLicenceNumber
943945703943,BankAccountNumber
5084762542926453,NEG
827802058695073214,BankAccountNumber
P1122777,PassportNumber
INV-2022-484,NEG
MP3519785119536,DrivingLicenceNumber
2792.95,NEG
3775978335488355,NEG
+91-7868578725,Phone
5218545705682095,CreditCard
DOK9036042,VoterID
TDJCZ1739G,PANNumber
R0891248,NEG
RNXCY9576D,PANNumber
200926573387,NEG
ZZ 12 2003 1449921,NEG
E1284576,PassportNumber
TIP2961713,VoterID
S9485880,PassportNumber
136881013822,NEG
5109 5679 7564 9150,CreditCard
8093771004,Phone
AP 07 2013 3548040,DrivingLicenceNumber
03657744916093659,BankAccountNumber
+91 76153 47355,Phone
Z5451895,PassportNumber
WOK7556058,VoterID
NIX626,NEG
3473-1609-4391-3685,CreditCard
916050537953,Phone
W3911179,PassportNumber
4663605028164091,NEG
286712007,BankAccountNumber
28110493,NEG
8181687851856905,NEG
v5.9.87,NEG
ZZ-27-2018-6969902,NEG
016583737927,BankAccountNumber
F2450461,PassportNumber
942749366353,NEG
TXU1696557,VoterID
PB-35-2006-5251540,DrivingLicenceNumber
GA2419966935622,DrivingLicenceNumber
C9325381,PassportNumber
E6590561,PassportNumber
5236618507610875,CreditCard
U6714224,PassportNumber
INV-2021-033,NEG
2c83e00a6f2d,NEG
80.65,NEG
TS 07 2016 5211169,DrivingLicenceNumber
ZZ-11-1995-2944408,NEG
916972832152,Phone
7067-1657-2620,AdharcardNumber
v4.15.65,NEG
20240518,NEG
379501925299,NEG
GJ 1189904 2999255,NEG
72904774258591779,BankAccountNumber
36084937830639638,BankAccountNumber
IERAI1108U,PANNumber
CG-28-2025-7634098,DrivingLicenceNumber
47075524,NEG
SGZLR4270C,PANNumber
+91 99461 19524,Phone
138890441048,NEG
S0349852,NEG
ITZBW4665O,PANNumber
86317597,NEG
UP-23-2005-8899662,DrivingLicenceNumber
75742338,NEG
235.62,NEG
721818835529,AdharcardNumber
8938743027,Phone
5218169814134475,NEG
5160770040,NEG
CZTTU4883U,PANNumber
MP 33 2022 0393123,DrivingLicenceNumber
77502371,NEG
XIC2895499,VoterID
HP3118990814705,NEG
ZZ3919840554537,NEG
0995123972835,BankAccountNumber
FLTCV3651P,PANNumber
GKW8451778,VoterID
5172031369552860,CreditCard
9191135996,BankAccountNumber
ZZ 45 2013 5161517,NEG
147079863210613,BankAccountNumber
D1303723,PassportNumber
INV-2025-156,NEG
N0562241,NEG
8136030876477096,NEG
G3192855,PassportNumber
IPYAC4986I,PANNumber
6035537309649694,CreditCard
8001081,NEG
ZZ2919866952776,NEG
343907054734,NEG
ODR194,NEG
8139 4823 2204 1440,CreditCard
2277586703,NEG
4429851448698302,NEG
7899698609,BankAccountNumber
QTA213,NEG
7583230241,Phone
0691961276,NEG
RAK5714252,VoterID
XKIGL8845A,PANNumber
5175559289748746,NEG
5224815542034038,CreditCard
578547772525,AdharcardNumber
777226602562650,BankAccountNumber
1c5ff15b3408,NEG
INV-2024-941,NEG
4662931518178827,NEG
TN 3189983 2901600,NEG
GJ-36-2021-5529925,DrivingLicenceNumber
2329.54,NEG
07316433481,Phone
20681200,NEG
QPM1180539,VoterID
6080-0852-9469-0210,CreditCard
918622522372,Phone
937815915792,NEG
ATT6680364,VoterID
7376769459,Phone
H3010170,PassportNumber
3865629258,NEG
8903-3119-0797,AdharcardNumber
0107923729,NEG
AS-16-2006-1223259,DrivingLicenceNumber
348652816853,AdharcardNumber
498861820705,NEG
RJ 45 2009 3361333,DrivingLicenceNumber
OD0819768370279,DrivingLicenceNumber
900516271365,AdharcardNumber
46286295,NEG
AP1219844037973,DrivingLicenceNumber
20240921,NEG
YFKTV2222Y,PANNumber
R0288407,NEG
TBZFQ1172T,PANNumber
20240815,NEG
198145271893,NEG
6020858174527356,NEG
20241027,NEG
DZF7114632,VoterID
3060480224,NEG
+91-6305872105,Phone
A6682996,PassportNumber
INV-2025-828,NEG
v4.1.59,NEG
EOFAC8432F,PANNumber
J0679403,NEG
70114137,NEG
HR 10 2021 3300539,DrivingLicenceNumber
20659052,NEG
023028655050,NEG
048918003811,NEG
11988242,NEG
5083 6488 2089 3480,CreditCard
968425534317,NEG
ZZ 02 1985 1367133,NEG
9482531106,Phone
2084290696,NEG
3741290759659994,NEG
253e8ffb0169,NEG
916024968549,Phone
JH-4186091-3527357,NEG
5162 6549 6330 8330,CreditCard
RJ 38 2016 6424777,DrivingLicenceNumber
08220912418,Phone
d658b7a4e333,NEG
198953613341,NEG
G0255441,NEG
KKU1681206,VoterID
VUFGL7941L,PANNumber
INV-2022-770,NEG
60240585,NEG
K1254729,PassportNumber
552135680443,AdharcardNumber
CLICX0067X,PANNumber
462135415970996254,BankAccountNumber
AP-15-2001-8996239,DrivingLicenceNumber
3845-1462-7041,AdharcardNumber
OSU0204695,VoterID
1680635853,NEG
574223196463004,BankAccountNumber
4384440458,NEG
CG2919899695209,DrivingLicenceNumber
INV-2021-513,NEG
3478464085858839,NEG
HOZHD3865Z,PANNumber
JH1719996004653,DrivingLicenceNumber
821739295786718153,BankAccountNumber
BFEPU5020V,PANNumber
8924 5937 5264,AdharcardNumber
4908551074091312,CreditCard
SNU9986315,VoterID
6558393866,Phone
3037218600,NEG
DFKHX0566J,PANNumber
272720814723,NEG
TBY2349162,VoterID
V5353344,PassportNumber
KL-29-2001-7545616,DrivingLicenceNumber
KL-03-1993-2517644,DrivingLicenceNumber
5295 3506 3731 1806,CreditCard
512080056,BankAccountNumber
07332116025,Phone
TLETS7877Z,PANNumber
EIY9727630,VoterID
6007201489678087,NEG
6054308952312022,CreditCard
TS1820241625689,DrivingLicenceNumber
510247021982,NEG
XTZ6532030,VoterID
GQDJQ4602E,PANNumber
XIX1330152,VoterID
Z7577242,PassportNumber
+91-7881377028,Phone
Y8933554,PassportNumber
5959274116,NEG
FJL6997109,VoterID
8160-6739-8344-8831,CreditCard
v8.6.48,NEG
QPF8120146,VoterID
5267136841013286,CreditCard
L2702814,PassportNumber
978131811569,NEG
06138069847,Phone
+91-7098196027,Phone
3722883904,NEG
290217314028,NEG
v1.6.87,NEG
ZZ-26-2006-6714260,NEG
36cb1ba337de,NEG
5150164261070330,NEG
981678066433,NEG
572.65,NEG
340646867752401,BankAccountNumber
+91 62091 17911,Phone
728895947032,NEG
IJT133,NEG
L2123829,PassportNumber
KL 44 2016 7608924,DrivingLicenceNumber
7156321358,Phone
4080314998250800,BankAccountNumber
NMA3085839,VoterID
VPPAS2603B,PANNumber
8109664147533691,NEG
U3761539,PassportNumber
4870-8317-2785,AdharcardNumber
KIDCK2621R,PANNumber
ZZ 34 1993 0871402,NEG
6143-8424-9810,AdharcardNumber
+91 62661 10627,Phone
NRNJH2663I,PANNumber
97475530,NEG
3119976759,NEG
190924876230,BankAccountNumber
291699854357,AdharcardNumber
94008797,NEG
2805014171,NEG
10888274,NEG
81445822067323182,BankAccountNumber
6532 0865 2377 7293,CreditCard
20241020,NEG
58255531,NEG
Q6413216,NEG
MGOAW5160U,PANNumber
XCE8767063,VoterID
20241014,NEG
C9718637,PassportNumber
6137.43,NEG
5217114865658187,NEG
062914304917,NEG
JH 16 1996 4078094,DrivingLicenceNumber
1448500728,NEG
14391720,NEG
3322517422,NEG
20240912,NEG
4001.51,NEG
98607833,NEG
4114065266426733,NEG
8125095229462091,CreditCard
AKZBJ4713E,PANNumber
34013177,NEG
HP2018994322273,NEG
ZZ 07 2007 9235506,NEG
9557-1928-5659,AdharcardNumber
7269-4958-8872,AdharcardNumber
OPU830,NEG
VJJAD0698P,PANNumber
691362483550542,BankAccountNumber
2943-9690-7841,AdharcardNumber
1063578037,NEG
3928-3276-4832,AdharcardNumber
P0751857,NEG
5175 5851 7774 1277,CreditCard
BR 0189983 8952620,NEG
1483586267,NEG
KNUGD1810E,PANNumber
2828190221,NEG
6593 3272 7958,AdharcardNumber
02455910245,BankAccountNumber
4453231677814561,NEG
ZZ1920071106599,NEG
CG-2186086-5016836,NEG
2059802602,NEG
386156409941,NEG
MH 4189913 6165268,NEG
P2107603,PassportNumber
8183 9974 1856 3028,CreditCard
22171858,NEG
+91 62604 32609,Phone
NUNJN7600R,PANNumber
3451962822250184,NEG
886337524314,AdharcardNumber
AS0120214193003,DrivingLicenceNumber
8189178791505969,CreditCard
BR-27-2013-1352135,DrivingLicenceNumber
7ab466f5fbcf,NEG
08677665754,Phone
DMIFX4085Q,PANNumber
AVM6985675,VoterID
MRE6348982,VoterID
3763061621856354,NEG
763093079689,NEG
PB-32-2025-6580193,DrivingLicenceNumber
HR-0209396-9122698,NEG
198654622027,NEG
TOFLS8552I,PANNumber
HP-09-1975-4709367,DrivingLicenceNumber
20241218,NEG
6408-9268-7052,AdharcardNumber
3400030566199532,CreditCard
FAL7819455,VoterID
AKOHB2590Y,PANNumber
6358068828503,BankAccountNumber
INV-2020-170,NEG
9556331857481700,BankAccountNumber
JSA9759533,VoterID
0627153123,BankAccountNumber
20241105,NEG
E1701601,PassportNumber
918790737100,Phone
7790-5072-3680,AdharcardNumber
4456 5060 9832,AdharcardNumber
K3424375,PassportNumber
3018158913,NEG
+91-6115931952,Phone
P6565033,PassportNumber
1689334864,NEG
CYN5111027,VoterID
ZZ-09-1983-3731786,NEG
ILHPV3856P,PANNumber
20240718,NEG
QCT3588635,VoterID
SXD950,NEG
19862297,NEG
Y8320309,PassportNumber
15034673,NEG
RQG2707494,VoterID
20240826,NEG
9810.17,NEG
917932184011,Phone
6524553375656979,NEG
QKQ6280761,VoterID
56546861,NEG
CIN180,NEG
AJHAK0488R,PANNumber
528569146307,AdharcardNumber
RJ 34 1999 7086003,DrivingLicenceNumber
ZZ 17 1999 0134134,NEG
8163942012234144,NEG
9672 4238 8497,AdharcardNumber
3766 9861 6342 1256,CreditCard
DNN4519127,VoterID
v6.20.58,NEG
1bfc72120ca9,NEG
462643956780,NEG
CRD2114845,VoterID
20241120,NEG
6567293509793449,NEG
6037792711073515,NEG
MP 04 2012 1334576,DrivingLicenceNumber
3208059831,NEG
7409036788,Phone
5435 1751 8304,AdharcardNumber
919130232129,Phone
5391149830,BankAccountNumber
19053486401042,BankAccountNumber
UK-01-1982-5148847,DrivingLicenceNumber
ZZ-39-2023-3290869,NEG
a39e48164478,NEG
65920246175202,BankAccountNumber
4189304616,NEG
5081406884133372,CreditCard
L7366941,PassportNumber
4424 1541 5205,AdharcardNumber
INV-2025-556,NEG
1754024286,NEG
+91-7685926249,Phone
3732811659930209,CreditCard
P0401632,NEG
1421959730,NEG
E4045018,PassportNumber
1814861,NEG
+91-6612846398,Phone
375355609328,AdharcardNumber
6092353484864709,NEG
MXFPL5543Q,PANNumber
9428179340652775,BankAccountNumber
5273 2262 6114 2434,CreditCard
6047106801770315,NEG
+91 83448 12308,Phone
763663533018,NEG
3438148374755803,NEG
681160499107,NEG
3419994529517123,CreditCard
OXUBE3122A,PANNumber
E4264870,PassportNumber
5165-0344-0966-1773,CreditCard
73689441,NEG
9454-5892-9750,AdharcardNumber
20240319,NEG
NZD1738505,VoterID
227464027754,NEG
APF5783305,VoterID
038926087881,NEG
6820916601,Phone
OBI3333354,VoterID
8126971823601079,CreditCard
INV-2024-112,NEG
ac176fb4bc38,NEG
2685606699,NEG
529bf99a4161,NEG
T2615814,PassportNumber
973872148959,AdharcardNumber
9829635339,Phone
625542805371,NEG
STJGC0162F,PANNumber
INV-2024-745,NEG
EEQ338,NEG
9d21a22101f1,NEG
BR-33-2003-1898889,DrivingLicenceNumber
WGQ185,NEG
INV-2022-646,NEG
6551076209,Phone
HP-0209382-9708259,NEG
5081505764497474,CreditCard
A0727903,NEG
OZT7657887,VoterID
09093141818,Phone
CG-37-1999-0184879,DrivingLicenceNumber
486ea63d403d,NEG
6062497537405719,NEG
INV-2024-426,NEG
NCX4105930,VoterID
WB-19-1989-3375455,DrivingLicenceNumber
2450380162,NEG
G0822224,NEG
08120092820,Phone
HP 44 2015 2596702,DrivingLicenceNumber
L0952984,NEG
69279234,NEG
INV-2023-258,NEG
364560595636,NEG
20240320,NEG
OD 02 2003 0148826,DrivingLicenceNumber
5921779055,NEG
51553334264335027,BankAccountNumber
+91-9762916032,Phone
915755716634,NEG
PPF2999685,VoterID
6047704130909151,NEG
186323979137876,BankAccountNumber
D4878293,PassportNumber
L8852945,PassportNumber
5083777569198320,CreditCard
071321940245,NEG
9361128497,Phone
3247925422,NEG
3414895382944196,NEG
20240925,NEG
RJ 1209383 6504498,NEG
A8823578,PassportNumber
+91 95423 56778,Phone
v3.11.61,NEG
5371030737,NEG
FGY1823879,VoterID
WKH1069085,VoterID
B2401193,PassportNumber
KA2318605906672,NEG
v7.19.26,NEG
628673390145,NEG
365557864579,NEG
2118390934,NEG
+91 77933 75636,Phone
5244 4544 6083 8513,CreditCard
4620 4505 3315,AdharcardNumber
ZOTHO0335E,PANNumber
61292341,NEG
597440880670,NEG
IIO5337828,VoterID
841137700549,NEG
9186233922,BankAccountNumber
UNN6883587,VoterID
XGJLF1228D,PANNumber
ZOD279,NEG
0574238856527155,BankAccountNumber
2539226,NEG
185642570687,NEG
V0979905,NEG
F4219416,PassportNumber
v9.5.99,NEG
6021-9865-5049-4449,CreditCard
14706710,NEG
Q1043346,NEG
6579876829968727,CreditCard
724501848197,BankAccountNumber
Q8503142,NEG
3700 1816 7784 8165,CreditCard
7544439284,Phone
8532-8710-1223,AdharcardNumber
U9881671,PassportNumber
70309635,NEG
409281578065,NEG
8460191344389,BankAccountNumber
v3.15.80,NEG
VRQ5180871,VoterID
INV-2025-484,NEG
v4.12.72,NEG
20240620,NEG
J7579678,PassportNumber
452637941288,NEG
4fce2827863f,NEG
3397 1870 7281,AdharcardNumber
KL-3186022-1326302,NEG
KLO2546422,VoterID
U1010618,PassportNumber
699309728962,AdharcardNumber
T1686717,PassportNumber
935541160845,NEG
MLF0179053,VoterID
10946816e086,NEG
KQQTD6375V,PANNumber
JH 1209305 0863429,NEG
ZZ 01 1983 6094897,NEG
433144629713,NEG
OII733,NEG
0193335937,NEG
RNU5841499,VoterID
388805929623,AdharcardNumber
XHHGJ2168S,PANNumber
2047 1138 2672,AdharcardNumber
PB 15 1996 0765520,DrivingLicenceNumber
77615abf41d4,NEG
77383638164321269,BankAccountNumber
6011978925946572,NEG
5259 0956 6844 8233,CreditCard
6406.66,NEG
1358384391,NEG
YIK4954178,VoterID
4086-3536-5414,AdharcardNumber
07731495013,Phone
D0024808,NEG
406724004994,AdharcardNumber
ORF0364903,VoterID
5299 6426 0336 2029,CreditCard
LLK8413034,VoterID
+91 96365 80741,Phone
INV-2022-456,NEG
3468-6295-9125-7345,CreditCard
066643749060723,BankAccountNumber
8100498321122127,CreditCard
166497196703,NEG
W5940792,PassportNumber
JH 24 2024 9251055,DrivingLicenceNumber
MH4318992781873,NEG
88214868,NEG
I5971637,NEG
QAT4580646,VoterID
5543596985045050,NEG
26555144,NEG
QZSTE1722G,PANNumber
657923267141,NEG
TS2719925189584,DrivingLicenceNumber
885662462878,AdharcardNumber
WAO8066612,VoterID
324888995729893,BankAccountNumber
15724ca65e7a,NEG
GOU555,NEG
2021553830,NEG
20240513,NEG
9868-0112-8059,AdharcardNumber
MH-24-2023-9170115,DrivingLicenceNumber
INV-2023-137,NEG
5258542188087992,CreditCard
TN 2209395 7692956,NEG
INV-2024-301,NEG
2632174003,NEG
FPW3351841,VoterID
42642364281,BankAccountNumber
OUW1045647,VoterID
H6971072,PassportNumber
W8246657,PassportNumber
4304-2322-7752-1351,CreditCard
ZZ 42 2001 9993289,NEG
ELJLR0774A,PANNumber
K3801387,PassportNumber
20240401,NEG
AP 13 1992 4767877,DrivingLicenceNumber
729877074593,NEG
4121397436,NEG
30557332,NEG
0381074916,NEG
919240787541,Phone
08777118372,Phone
5080457598875924,CreditCard
246409167188,NEG
Y0564967,NEG
08421175361,Phone
BR-10-1975-9958172,DrivingLicenceNumber
8194-3114-2625,AdharcardNumber
7128 6823 0047,AdharcardNumber
176143788448,NEG
4069.95,NEG
OMMPP2832X,PANNumber
8895516874,Phone
223873518669,NEG
102201754548,NEG
TNCCI3519B,PANNumber
FUI2397195,VoterID
1785.61,NEG
41530217,NEG
6564054739862210,NEG
TN 27 2000 0155333,DrivingLicenceNumber
LBT6195765,VoterID
3436970931706,BankAccountNumber
A4955124,PassportNumber
44663453372201091,BankAccountNumber
U8696393,PassportNumber
P6190986,PassportNumber
ZZ 18 2014 0294646,NEG
HR-42-1981-5594924,DrivingLicenceNumber
UXA5220474,VoterID
9662 7028 9516,AdharcardNumber
CGH569,NEG
13724752,NEG
785015301734,NEG
RSG8174374,VoterID
22501394884882,BankAccountNumber
E5876329,PassportNumber
O9904849,NEG
BR 09 1992 1953919,DrivingLicenceNumber
v6.13.15,NEG
3018726001,NEG
3410765191708510,NEG
AS3919905867490,DrivingLicenceNumber
744242339117,NEG
623215401311,NEG
1283337218856,BankAccountNumber
WJJ2655874,VoterID
RJ1820115274210,DrivingLicenceNumber
6056-3370-1400-5272,CreditCard
VXE984,NEG
TUJPX9610Y,PANNumber
XZZ8793246,VoterID
ZFF2636248,VoterID
OLYBP8129C,PANNumber
14dac8ef32a4,NEG
ZZ-30-1991-2499590,NEG
FHO1171758,VoterID
4026 8764 4867 6499,CreditCard
UP0219865388158,DrivingLicenceNumber
3471-9760-9320-1262,CreditCard
+91-9342346199,Phone
ZZ-02-2022-4785493,NEG
774238135352,NEG
MP 19 1984 0414307,DrivingLicenceNumber
+91 89649 85601,Phone
3485-8078-3613,AdharcardNumber
28306153701242,BankAccountNumber
974964990917,AdharcardNumber
6310 2786 8149,AdharcardNumber
I8884983,NEG
847068103,BankAccountNumber
2615473156,NEG
521962633556,BankAccountNumber
U0865834,NEG
3035067578,NEG
20240726,NEG
S4574384,PassportNumber
266933513426192,BankAccountNumber
3434407779462073,CreditCard
20241121,NEG
UJGGB3136K,PANNumber
4288661680199038,NEG
+91 73513 05231,Phone
GAS5207491,VoterID
27394306,NEG
5503 0334 6771 1679,CreditCard
20240914,NEG
5551163971,NEG
0830373606014,BankAccountNumber
130448818984841604,BankAccountNumber
037631774955,NEG
486558167597,NEG
6031995695592278,NEG
BR0920145073263,DrivingLicenceNumber
AP-44-1997-9067102,DrivingLicenceNumber
LUZ2347640,VoterID
a2103b66e86a,NEG
S8245992,PassportNumber
WEYHP8376U,PANNumber
849516321119,BankAccountNumber
243842797884,AdharcardNumber
EBLPN1497G,PANNumber
20240119,NEG
INV-2024-832,NEG
WB1019991316089,DrivingLicenceNumber
WZI2017289,VoterID
v3.17.64,NEG
F0020095,NEG
INV-2024-874,NEG
v5.15.52,NEG
GA-10-1993-8778700,DrivingLicenceNumber
562673802913,NEG
CTS6858110,VoterID
459626228225,BankAccountNumber
GGA915,NEG
v7.15.69,NEG
4411761421524835,NEG
ZZ3420212667023,NEG
+91 79489 78610,Phone
1016301597,NEG
ZYW135,NEG
7451207,NEG
184858052636,NEG
XEWPM9804F,PANNumber
5293 9002 5121 3753,CreditCard
5506882691776,BankAccountNumber
813696816457,AdharcardNumber
OD-28-2011-9534544,DrivingLicenceNumber
JKDFI8947M,PANNumber
ef5e2acbdbe9,NEG
7658263128,Phone
4696-8018-6774-0377,CreditCard
359538280405612996,BankAccountNumber
AS-38-2008-5759190,DrivingLicenceNumber
567837770145,AdharcardNumber
O3823861,NEG
INV-2020-423,NEG
20240713,NEG
351571840908,BankAccountNumber
557820190432230,BankAccountNumber
919416787256,Phone
CG 16 1988 1738238,DrivingLicenceNumber
GA 17 2024 4632934,DrivingLicenceNumber
52303604,NEG
602966299177,NEG
8147190172224053,CreditCard
INGCF2417T,PANNumber
19922251,NEG
101278969513,NEG
+91-7263039752,Phone
9359-2555-6256,AdharcardNumber
20241022,NEG
MP-19-2023-8004512,DrivingLicenceNumber
20240816,NEG
PSHLJ1608S,PANNumber
89661834,NEG
6512053978713755,CreditCard
4476720005,NEG
YZD2834568,VoterID
9021.26,NEG
3226992066,NEG
TS-38-2013-4651274,DrivingLicenceNumber
20240517,NEG
6516988371611580,NEG
CG 29 2002 8275455,DrivingLicenceNumber
255618444,BankAccountNumber
ZZWBW0666Z,PANNumber
UP 37 2005 6317977,DrivingLicenceNumber
AP4018993544838,NEG
MAXPJ9082J,PANNumber
06568182096,Phone
KQP9986296,VoterID
HSEJJ9578E,PANNumber
5211 9206 1363 8520,CreditCard
G9361517,PassportNumber
XWTBN9548S,PANNumber
279246320374767,BankAccountNumber
380280095839,NEG
5527488356517961,CreditCard
DPCGI5444G,PANNumber
Z0715692,NEG
GKPLK9492S,PANNumber
5088832201256088,CreditCard
+91-7337389877,Phone
AS2320059338340,DrivingLicenceNumber
5524165185483961,NEG
O7095849,NEG
INV-2023-370,NEG
INV-2024-995,NEG
3238368060,NEG
3746 1777 3264 3092,CreditCard
822155996727,NEG
v4.13.0,NEG
507167532163,NEG
194193245385,NEG
10639744,NEG
02329028227009,BankAccountNumber
HP-21-2004-8103334,DrivingLicenceNumber
4217 9821 3486 2986,CreditCard
24704263,NEG
37660144485645,BankAccountNumber
08229712529,Phone
4507.34,NEG
PB 23 1990 6480046,DrivingLicenceNumber
GJ-12-1977-7015550,DrivingLicenceNumber
855110475411,AdharcardNumber
+91-9845909022,Phone
6074130753841850,CreditCard
77591135,NEG
RAFCJ4270H,PANNumber
5274-8124-2114-0860,CreditCard
RJ3019781420344,DrivingLicenceNumber
475.88,NEG
AFZBS1630B,PANNumber
3452165058714690,CreditCard
20240913,NEG
9155 1884 4227,AdharcardNumber
HBNPI6333C,PANNumber
5500 9625 8857 6699,CreditCard
A0036385,NEG
LMLHO0477I,PANNumber
INV-2025-075,NEG
EOJBR5708M,PANNumber
08388221145,Phone
4196-9379-2374,AdharcardNumber
2310-5183-4737,AdharcardNumber
KA-37-2000-0647705,DrivingLicenceNumber
5502 8165 0646 3000,CreditCard
PPFCY7535I,PANNumber
2458583563,NEG
GA1420069955760,DrivingLicenceNumber
O6778757,NEG
1768418471,NEG
FTHBG0107U,PANNumber
025d198ddba4,NEG
4842 1020 5393,AdharcardNumber
N3712863,PassportNumber
C1326642,PassportNumber
766046558665,BankAccountNumber
946564260182,NEG
B4983430,PassportNumber
233419182556,AdharcardNumber
+91-7991297102,Phone
INV-2021-173,NEG
QZNLR0856V,PANNumber
ZZ0720254460658,NEG
070170926404,NEG
844161019755,NEG
74172156229493,BankAccountNumber
5703220074,NEG
5536796082896712,NEG
2957-0154-3034,AdharcardNumber
+91 73711 89547,Phone
RJ 07 2007 6676282,DrivingLicenceNumber
XEU8278722,VoterID
46464373,NEG
08273230085,Phone
C8432806,PassportNumber
20240809,NEG
815865780917,AdharcardNumber
J9926738,PassportNumber
G8489690,PassportNumber
v6.5.60,NEG
v2.2.49,NEG
3755426190,NEG
MH-2189985-2816459,NEG
6028144471893950,NEG
5548015373586678,NEG
abf07784f3cc,NEG
8401-6582-0297,AdharcardNumber
5088056820175308,NEG
77217978,NEG
E9144294,PassportNumber
955407561663,NEG
OIWTP3502B,PANNumber
6546 1567 9338,AdharcardNumber
593272728125,NEG
2434852953,NEG
GSJ2489124,VoterID
V1227846,PassportNumber
TN3320232832874,DrivingLicenceNumber
926247317815,AdharcardNumber
PDV5034195,VoterID
PFP9153436,VoterID
048909322533,NEG
980111000515532341,BankAccountNumber
4927-0653-7940,AdharcardNumber
2070886406,NEG
28013300,NEG
N5413432,PassportNumber
6817 5496 5131,AdharcardNumber
T1156193,PassportNumber
8135071245531291,NEG
GJ2220230996432,DrivingLicenceNumber
114843620051,NEG
E0660235,NEG
3408095948152691,CreditCard
5131045025896321,CreditCard
8963-2595-3279,AdharcardNumber
S0650167,NEG
917437654562,Phone
INV-2025-378,NEG
025082611231261,BankAccountNumber
B0500493,NEG
HR-11-1999-7840538,DrivingLicenceNumber
3705-6695-7900-1243,CreditCard
993607984870450691,BankAccountNumber
IZX3064939,VoterID
LOQJU1035P,PANNumber
8674746897,Phone
916030324329,Phone
38384667,NEG
5168066470703853,NEG
07381674233,Phone
22104016481880442,BankAccountNumber
5285558095794750,NEG
218785193583749079,BankAccountNumber
VGMTD5594F,PANNumber
R9112669,PassportNumber
6680 4436 9951,AdharcardNumber
3771317197860161,NEG
679356465192,AdharcardNumber
3791507628397623,CreditCard
L3132833,PassportNumber
95478769899927517,BankAccountNumber
97816705,NEG
JH1518990267526,NEG
GA3718602943201,NEG
917354940128,Phone
652074004797,NEG
U0023445,NEG
4161538116,NEG
919639551720,Phone
v8.13.18,NEG
PB0919892927546,DrivingLicenceNumber
534601842209,NEG
A8933496,PassportNumber
848075203447,BankAccountNumber
AP 25 1980 5591647,DrivingLicenceNumber
5182-1925-9679-0893,CreditCard
919475011117,Phone
916479303614,Phone
893676320167,AdharcardNumber
T4572324,PassportNumber
7607234838,BankAccountNumber
917308481001,Phone
135908981783,NEG
LVH276,NEG
CG-19-2011-8077691,DrivingLicenceNumber
I9938707,NEG
2837740292,NEG
5182-4989-8088-0673,CreditCard
T7241502,PassportNumber
5221321767201918,CreditCard
23736050791815,BankAccountNumber
7396-2185-1887,AdharcardNumber
6245618517446,BankAccountNumber
8dafee1d24e4,NEG
+91 66498 37354,Phone
RRX9021597,VoterID
7160-6071-5966,AdharcardNumber
v8.8.99,NEG
106143611809,NEG
5636470465,NEG
DHH0303213,VoterID
1759192267,NEG
Q5778183,NEG
564037613798,AdharcardNumber
6703.85,NEG
366343925295961111,BankAccountNumber
3223-6231-6652,AdharcardNumber
24890567086,BankAccountNumber
Z0179138,NEG
20241028,NEG
7014 2940 1968,AdharcardNumber
1485524578715841,BankAccountNumber
INV-2020-133,NEG
JOF2980080,VoterID
6234190310,BankAccountNumber
9912141614,Phone
A5165915,PassportNumber
647867428029,NEG
SHIJM7665A,PANNumber
86210492,NEG
MH-07-1991-5067100,DrivingLicenceNumber
75178712,NEG
818575917109,NEG
753813646458,NEG
3906764909,NEG
v8.20.78,NEG
+91-6591266201,Phone
6588.17,NEG
907.74,NEG
M3712566,PassportNumber
OXGPW6524B,PANNumber
ZSYHT8425O,PANNumber
v6.5.23,NEG
13870492,NEG
20240712,NEG
XMH2939932,VoterID
v7.7.42,NEG
9938597779,Phone
K5787300,PassportNumber
v3.7.63,NEG
P7372395,PassportNumber
NDLTG9982Y,PANNumber
095841749169,NEG
5086807852548241,CreditCard
8101041945341950,NEG
2574216435,NEG
5915.58,NEG
087a6a1edbae,NEG
914785969697,AdharcardNumber
836038917364,NEG
KQP8626848,VoterID
HP-30-1995-1936375,DrivingLicenceNumber
4858623945354,BankAccountNumber
5166 1220 1907 2587,CreditCard
41358836,NEG
HMZ209,NEG
2229 0147 6791,AdharcardNumber
864466059164,NEG
8656.91,NEG
3998-6798-0790,AdharcardNumber
RNL3653282,VoterID
20240308,NEG
120667015144,NEG
5088313549014593,NEG
ZZ2819920095981,NEG
49096956,NEG
7944-0640-9098,AdharcardNumber
HR3220033751946,DrivingLicenceNumber
B9186617,PassportNumber
ZZ 44 2005 3153975,NEG
5539-3049-3665-3802,CreditCard
9577825588,BankAccountNumber
UK-2186075-7541310,NEG
+91 85195 15109,Phone
IUB9599602,VoterID
X4016576,NEG
8439910622723,BankAccountNumber
2403.51,NEG
F4417223,PassportNumber
+91-9904098366,Phone
06860414545,Phone
086047947197,NEG
BOQ205,NEG
6316 1172 4000,AdharcardNumber
+91-6431115083,Phone
P7513644,PassportNumber
6076738209746198,CreditCard
5915.30,NEG
4330800370,BankAccountNumber
842316544133,NEG
FYQ112,NEG
6539705487396102,BankAccountNumber
189628874312710,BankAccountNumber
2424648849,NEG
6569067447,Phone
3736-9984-8022-0508,CreditCard
CG-09-2008-7413875,DrivingLicenceNumber
PGB3543890,VoterID
INV-2024-657,NEG
UK 36 1995 1074472,DrivingLicenceNumber
X4119511,NEG
8136.88,NEG
QQVJE9127T,PANNumber
3716612374077940,CreditCard
556076761645345472,BankAccountNumber
9334 8434 4377,AdharcardNumber
KFG6647803,VoterID
67055143776,BankAccountNumber
967760064349,NEG
20240226,NEG
3870-2621-7454,AdharcardNumber
MAHAX2309Q,PANNumber
5120 3875 0997,AdharcardNumber
8702 4103 8650,AdharcardNumber
916284139080,Phone
3706583872725813,CreditCard
10006154,NEG
INV-2024-790,NEG
K9850155,PassportNumber
XUJ900,NEG
d8eb9dd8df83,NEG
GAWPS8180M,PANNumber
v6.16.1,NEG
3643813000413,BankAccountNumber
INV-2025-162,NEG
5159-4898-9596-5468,CreditCard
Y3493631,PassportNumber
41966645057303,BankAccountNumber
VIVGD0463M,PANNumber
854747695098,NEG
5242284834927665,NEG
3616 9284 5111,AdharcardNumber
117735166810,NEG
TN-0209397-3523843,NEG
QMV7628467,VoterID
5081016125901639,NEG
8024240338,Phone
INV-2025-810,NEG
857351745467,NEG
HBY690,NEG
0581629518779417,BankAccountNumber
NYB5082733,VoterID
+91 94325 12257,Phone
Y4173420,PassportNumber
1546646,NEG
YUG9880732,VoterID
5299007686276332,CreditCard
0096627026,NEG
TEX422,NEG
PYM453,NEG
4611753,NEG
6597363831828569,CreditCard
INV-2020-857,NEG
OVO0496011,VoterID
OMJBO2649B,PANNumber
1895337684,NEG
4335.95,NEG
MZZFJ2450R,PANNumber
GA-19-1979-8966144,DrivingLicenceNumber
6036 9003 4329,AdharcardNumber
6515542340,Phone
ZZ-29-1975-1984237,NEG
S3380468,PassportNumber
25c430a70f25,NEG
SYE2179206,VoterID
69127214,NEG
5164-7525-5344,AdharcardNumber
GJ2420093329268,DrivingLicenceNumber
YYFTY2712T,PANNumber
+91 64227 11332,Phone
4185-0163-1599,AdharcardNumber
S5996165,PassportNumber
1688092550,BankAccountNumber
09677622827,Phone
11471656094,BankAccountNumber
INV-2023-401,NEG
INV-2021-433,NEG
36592724,NEG
855852398685,AdharcardNumber
6517 2173 3739 9201,CreditCard
V0698703,NEG
UK4519871924496,DrivingLicenceNumber
INV-2024-903,NEG
ZZ1720193590072,NEG
LCG8885075,VoterID
09402701168,Phone
26379284,NEG
90271401,NEG
6093010009089932,NEG
20240326,NEG
K8386463,PassportNumber
6589 1179 7269 9993,CreditCard
YNI3115755,VoterID
ZDB6199749,VoterID
5525 6238 9949 9192,CreditCard
ZZ-24-2021-0534876,NEG
D3347649,PassportNumber
D9374550,PassportNumber
6062 1591 8327 0004,CreditCard
+91 84317 35058,Phone
GYQ2474873,VoterID
DDF473,NEG
5222-9993-6216-5916,CreditCard
1677269608,BankAccountNumber
70744293,NEG
6925-1925-4621,AdharcardNumber
9552.72,NEG
+91-8586851276,Phone
AS 36 2024 5422263,DrivingLicenceNumber
608587495119181828,BankAccountNumber
+91-6536637780,Phone
8118 3673 6578,AdharcardNumber
HP-37-2007-9637492,DrivingLicenceNumber
+91 92757 84468,Phone
20240520,NEG
787305498248,NEG
06209700268,Phone
920437131266,NEG
AOK4994297,VoterID
PB 1189991 3940607,NEG
5257754584726294,CreditCard
51982086,NEG
3379.70,NEG
+91-9784984362,Phone
055977726599,NEG
1473.89,NEG
264746872347,AdharcardNumber
R0779256,NEG
X5290929,NEG
55126880,NEG
96304464,NEG
691128981231,BankAccountNumber
7708164709,Phone
GA1720111716681,DrivingLicenceNumber
v9.9.85,NEG
357077052961,NEG
+91 92927 74233,Phone
RXNGZ0948B,PANNumber
ZZ3820074121275,NEG
20240119,NEG
267065405156,AdharcardNumber
0226000144,NEG
BR0419837357747,DrivingLicenceNumber
916865675661,Phone
661554164316704,BankAccountNumber
+91 87254 59606,Phone
+91 97163 23467,Phone
6766156,NEG
517536264757,NEG
MH0920224529826,DrivingLicenceNumber
MH 09 2024 8115790,DrivingLicenceNumber
ZMPLV4186F,PANNumber
3481476212360182,NEG
6073607763,BankAccountNumber
07023684855,Phone
L0646160,NEG
854506574277,NEG
916609306853,Phone
CG 0189909 1281109,NEG
BHY8505390,VoterID
FOA2474488,VoterID
5081187228247182,NEG
3036860506,NEG
982210531611776,BankAccountNumber
5114-5788-7071-5239,CreditCard
KL 42 2005 3864629,DrivingLicenceNumber
OD 1186018 7726066,NEG
07502000534,Phone
163543866865,NEG
3451360908581813,NEG
TN-14-2024-1850789,DrivingLicenceNumber
5588788876569933,NEG
LUE9850497,VoterID
dd363a5ab575,NEG
6799359374403946,BankAccountNumber
WKR6121365,VoterID
OTE221,NEG
541080909416,NEG
Y3720634,PassportNumber
WDU6021076,VoterID
Y7207100,PassportNumber
5427 0866 8822,AdharcardNumber
40500723,NEG
+91 74728 63330,Phone
+91 61390 43830,Phone
v1.15.87,NEG
P4718344,PassportNumber
Q9470242,NEG
eec36a00f6c5,NEG
WB3520038840031,DrivingLicenceNumber
4990010898,NEG
60054810,NEG
KNH3158231,VoterID
236037681187233351,BankAccountNumber
v8.2.35,NEG
9765.57,NEG
3723081721,BankAccountNumber
X7364758,NEG
2276748317,NEG
DL-30-1993-1839033,DrivingLicenceNumber
5082 0491 0601 8366,CreditCard
5faa395b89cd,NEG
4779-0104-3286,AdharcardNumber
698254494813,AdharcardNumber
433576170732,NEG
WPY4105861,VoterID
3443298769893651,CreditCard
053922205621,NEG
PGX932,NEG
3709 6496 6834 9600,CreditCard
3634209536,NEG
3706579551562394,CreditCard
68800230091561829,BankAccountNumber
RWF6544141,VoterID
AHQ442,NEG
8718093391373265,BankAccountNumber
MPT2859007,VoterID
6160.07,NEG
4997 3763 1163,AdharcardNumber
20240325,NEG
X3380326,NEG
M8964715,PassportNumber
INV-2025-475,NEG
INV-2026-911,NEG
20240806,NEG
4761239612190516,NEG
704254969192845,BankAccountNumber
VSDLO9827A,PANNumber
INV-2026-714,NEG
1114147012,NEG
UK-43-1986-9664330,DrivingLicenceNumber
DL 39 1991 4813135,DrivingLicenceNumber
3218366771,NEG
20240502,NEG
ESVAD4386M,PANNumber
109817139393,NEG
4859532593993379,BankAccountNumber
20241014,NEG
ZZ3119962458858,NEG
R7532690,PassportNumber
7043.03,NEG
ZZ2820131251484,NEG
2073465495,BankAccountNumber
P0759017,NEG
WPY850,NEG
TN3520163398865,DrivingLicenceNumber
J0036488,NEG
RJ0518996900001,NEG
ZZ3220169834770,NEG
REDPA9968R,PANNumber
080271122182315551,BankAccountNumber
685726029251,NEG
OD 39 1985 1120249,DrivingLicenceNumber
918500534240,Phone
S6654420,PassportNumber
OYI0326813,VoterID
56520823,NEG
5085787520702043,CreditCard
CJZ2373320,VoterID
KA-1186017-0880762,NEG
20149118941843,BankAccountNumber
TS 20 1998 6765721,DrivingLicenceNumber
9124 0659 6578,AdharcardNumber
8812519,NEG
ZZ 41 2025 7468714,NEG
918339718956,Phone
MH 45 1981 7784020,DrivingLicenceNumber
BKA736,NEG
92139200,NEG
662481323,BankAccountNumber
T7407905,PassportNumber
5121852734,NEG
74362808,NEG
981913505344,NEG
YYI236,NEG
f9ed5db1f98a,NEG
APU6739464,VoterID
1848876380,NEG
5089 4641 8398 4161,CreditCard
4217 0430 3058,AdharcardNumber
K8851961,PassportNumber
7961208780572151,BankAccountNumber
ZLO6643674,VoterID
+91 78456 79723,Phone
5239847422567870,NEG
67672095799,BankAccountNumber
5172.95,NEG
3489-6359-5708-6199,CreditCard
134359488212,NEG
2959272827,BankAccountNumber
IGO4376268,VoterID
6998-5698-4782,AdharcardNumber
3727739238520235,NEG
5085 5462 3471 2478,CreditCard
8111824224,Phone
08953263890,BankAccountNumber
AP3219766199862,DrivingLicenceNumber
RIPHG0461V,PANNumber
6034-5443-4414-9160,CreditCard
144360234422,NEG
5179705660361624,NEG
3756411992551257,NEG
017300992845,NEG
20240512,NEG
6902-7874-2965,AdharcardNumber
AS-0209300-9584499,NEG
5082204167821538,NEG
543627187496033,BankAccountNumber
918671649328,Phone
23525718,NEG
90a275a3e099,NEG
56776732,NEG
XMP4086740,VoterID
ZZ2119796706879,NEG
EWUHQ8515R,PANNumber
UMZ0205092,VoterID
INV-2024-358,NEG
8178757030293010,NEG
8916-6978-4805,AdharcardNumber
KUFGU0074G,PANNumber
7564 6417 0806,AdharcardNumber
ZZ 15 1983 7890741,NEG
3481-3088-9830-5742,CreditCard
v6.9.83,NEG
DKJGE2675F,PANNumber
5914233029,NEG
59129629,NEG
ZZ 06 1980 0052685,NEG
734764273720,BankAccountNumber
+91-6566863341,Phone
ETT8445000,VoterID
B8851586,PassportNumber
ILI358,NEG
R3520456,PassportNumber
+91 66171 36657,Phone
DL 18 2025 5082321,DrivingLicenceNumber
304332181964,AdharcardNumber
3749791279970291,CreditCard
BR 42 2005 6317004,DrivingLicenceNumber
HP 29 2021 6877414,DrivingLicenceNumber
RRPHL6394E,PANNumber
5081828518161258,NEG
06705626085,Phone
GNXLY8508Z,PANNumber
INV-2026-311,NEG
OZSLC7751P,PANNumber
7423 5733 2218,AdharcardNumber
3615-2809-8858,AdharcardNumber
UP-36-1989-5787426,DrivingLicenceNumber
20240108,NEG
OXP3533909,VoterID
0910903267,BankAccountNumber
49149856,NEG
INV-2021-914,NEG
5100 3309 2325,AdharcardNumber
314160091693,NEG
0519854582,NEG
M7985700,PassportNumber
Z9897782,PassportNumber
MGGFV3928X,PANNumber
618943705263510,BankAccountNumber
X4524697,NEG
61891688,NEG
S3752088,PassportNumber
JH-12-2011-7311784,DrivingLicenceNumber
134533023646,NEG
3757927147246303,CreditCard
5822180396,NEG
3478982604180956,CreditCard
5285-8842-4749,AdharcardNumber
5545-1100-9060-5302,CreditCard
ZZJ410,NEG
2641354741,NEG
08851017490,Phone
UP0620083593497,DrivingLicenceNumber
5270 6648 9008 2485,CreditCard
793040785930,AdharcardNumber
Q9550625,NEG
INV-2024-124,NEG
ZTI174,NEG
BVDPB1676D,PANNumber
KA-38-2012-5840069,DrivingLicenceNumber
ZZ 41 1982 3244995,NEG
INV-2022-994,NEG
78810053,NEG
8670 6625 3243,AdharcardNumber
MAV1086368,VoterID
4291617469029830,CreditCard
3220682432,NEG
KA-40-1998-9459169,DrivingLicenceNumber
R4278814,PassportNumber
6096789760987313,CreditCard
KA-05-1978-2298058,DrivingLicenceNumber
74988558298493,BankAccountNumber
450169519089,NEG
50178332584868,BankAccountNumber
3723 2894 6338 9154,CreditCard
CZB7493255,VoterID
acc7bda92055,NEG
NIL7684482,VoterID
695413297150666,BankAccountNumber
Y6798877,PassportNumber
9330742,NEG
4358690170740391,CreditCard
CG-27-1991-9304288,DrivingLicenceNumber
FKE9641567,VoterID
v9.6.10,NEG
F1850769,PassportNumber
NTI5358701,VoterID
5168268221756262,NEG
D5764925,PassportNumber
URCBV1413X,PANNumber
J5820700,PassportNumber
INV-2023-786,NEG
3402289466527527,CreditCard
763882145841,BankAccountNumber
+91-6663370502,Phone
INV-2024-238,NEG
HSKGS0599E,PANNumber
H3020417,PassportNumber
08948491025,Phone
20240710,NEG
ATW2570131,VoterID
892965685129,NEG
KL 1209312 8208287,NEG
76643131,NEG
5178619025476021,CreditCard
599875747092,NEG
2123708511,NEG
GJ-40-2020-6228597,DrivingLicenceNumber
WB 21 2001 6566240,DrivingLicenceNumber
5191854880644206,CreditCard
UK4019810758963,DrivingLicenceNumber
I7736055,NEG
QRR6579577,VoterID
5243679241571276,NEG
XWCBA6029Y,PANNumber
TTPGW7113A,PANNumber
3456103995297012,CreditCard
33875162,NEG
678127168045,NEG
SOC1950547,VoterID
ZZ-36-1996-4819565,NEG
+91 63824 96718,Phone
ZZ 01 2020 3080896,NEG
5081465022347782,NEG
4438 4196 6229 1315,CreditCard
GJ 23 2020 8808973,DrivingLicenceNumber
9468 0715 4514,AdharcardNumber
876353223718,NEG
INV-2020-207,NEG
29582923616188081,BankAccountNumber
JFCPJ4789Q,PANNumber
L0244614,NEG
4053 7893 1869 2890,CreditCard
5759833991403,BankAccountNumber
+91-9363466925,Phone
ZZ0220034512880,NEG
DPR6611016,VoterID
8438-1561-4976,AdharcardNumber
NGNGL6472S,PANNumber
P7299123,PassportNumber
377710212784,NEG
D8246191,PassportNumber
VIEPW4380L,PANNumber
TN-05-2016-0825695,DrivingLicenceNumber
JUJ4432538,VoterID
ZZ 10 2003 8442935,NEG
PXV412,NEG
GA 15 1981 1782084,DrivingLicenceNumber
ZZ-33-1980-2086343,NEG
3493401536415472,CreditCard
RPIBS5621X,PANNumber
KFDJM7467Z,PANNumber
3491426140489334,CreditCard
4592 2941 1563 0290,CreditCard
631154763101,NEG
2222336931,NEG
70334562,NEG
9112.27,NEG
JH-32-1996-0810138,DrivingLicenceNumber
Z8032032,PassportNumber
7439611291,Phone
G0335623,NEG
08481497374,Phone
N7942152,PassportNumber
A7462879,PassportNumber
VOKGB3758Y,PANNumber
917274954508,Phone
875341719390,NEG
3430693588249355,CreditCard
+91 68623 69036,Phone
8659 0515 1865,AdharcardNumber
BDP7721725,VoterID
779057191897,NEG
MQX1321455,VoterID
99642368,NEG
887403450540,AdharcardNumber
UP 1189919 1995271,NEG
ZZ-06-1996-4508525,NEG
R1050506,PassportNumber
6571-1952-9635-3059,CreditCard
CPG1675639,VoterID
NCN172,NEG
6051034444299068,NEG
I9898363,NEG
UP-34-2006-2346552,DrivingLicenceNumber
085136738059,NEG
A0480283,NEG
KL 28 2004 7054915,DrivingLicenceNumber
779868727745,AdharcardNumber
84549027,NEG
C6941651,PassportNumber
INV-2023-345,NEG
6517430688116406,NEG
U1054522,PassportNumber
20240224,NEG
ZZ 43 2015 8425600,NEG
+91 81772 25605,Phone
HXG6099530,VoterID
NJZJE2517S,PANNumber
17359848840215573,BankAccountNumber
499126994526,NEG
+91 63402 66502,Phone
A0203922,NEG
88114476,NEG
610138817073,NEG
Z5601585,PassportNumber
5236 1337 6052 3047,CreditCard
v2.3.42,NEG
OHV7443265,VoterID
208283230898138815,BankAccountNumber
1358277,NEG
INV-2021-213,NEG
P9314727,PassportNumber
INV-2024-721,NEG
4200053285386313,CreditCard
FFAHX3413F,PANNumber
RZDHP3585Z,PANNumber
6094-1559-4501-1928,CreditCard
4284976039670242,NEG
ZZ-14-1994-3115034,NEG
6013826870977770,NEG
U2376742,PassportNumber
v6.10.64,NEG
OUEHU5699M,PANNumber
W8335494,PassportNumber
48666937,NEG
4710580119509275,CreditCard
3657.21,NEG
D8534430,PassportNumber
YTTBT9939H,PANNumber
4720738277,NEG
CXH5163730,VoterID
057798066039205,BankAccountNumber
UK2418995180177,NEG
v1.7.19,NEG
2162 7204 6530,AdharcardNumber
SIJ8624152,VoterID
HP4120244149153,DrivingLicenceNumber
2557663454,NEG
v4.3.54,NEG
HMP7783184,VoterID
PVM5036072,VoterID
LSP3610612,VoterID
919158698864,Phone
671746488772,AdharcardNumber
981079649,BankAccountNumber
662475107991,AdharcardNumber
+91-8582603408,Phone
5114551293,BankAccountNumber
20240305,NEG
MER329,NEG
533651460,BankAccountNumber
36253666777675556,BankAccountNumber
HP 07 1986 6443852,DrivingLicenceNumber
INV-2023-039,NEG
v6.12.77,NEG
EAK9901124,VoterID
C0539022,NEG
P1602908,PassportNumber
3738-8232-5539-8354,CreditCard
3654.86,NEG
5141070716348504,NEG
INV-2025-020,NEG
8138554514609197,NEG
TS3519795716188,DrivingLicenceNumber
797363885045,NEG
5331542306,NEG
T5993908,PassportNumber
913119642585626,BankAccountNumber
6563268685,Phone
6919-0586-5182,AdharcardNumber
WGG4293781,VoterID
27490721,NEG
6736 4710 2762,AdharcardNumber
5189-7059-1611-8637,CreditCard
8916247554,Phone
UP 16 2008 4488497,DrivingLicenceNumber
I2831351,NEG
d6756960caf9,NEG
8063519036,Phone
D1890714,PassportNumber
W4136565,PassportNumber
B5102767,PassportNumber
YFOCW8750A,PANNumber
S6738395,PassportNumber
Z5549180,PassportNumber
4812.17,NEG
20241212,NEG
8199-2553-9460-7422,CreditCard
7144158331,Phone
17221455937,BankAccountNumber
ccc7476e10f3,NEG
97065967,NEG
C9848520,PassportNumber
HIP5093866,VoterID
063140352,BankAccountNumber
K9214565,PassportNumber
7129208751,Phone
6537989790608546,NEG
142442607819754,BankAccountNumber
P7958321,PassportNumber
v2.1.77,NEG
5514584345663117,CreditCard
ZON7913629,VoterID
PDICM3356L,PANNumber
FZFFM8528T,PANNumber
143107503779,NEG
6187.20,NEG
KL 3186021 9516670,NEG
9008 8600 8481,AdharcardNumber
TMF4780038,VoterID
91408499323123,BankAccountNumber
4204956121377306,BankAccountNumber
890837946914,NEG
LTAHP7167B,PANNumber
2894642036258,BankAccountNumber
5254318328123128,CreditCard
4108 0181 0306 8313,CreditCard
ZZ-03-2018-2428548,NEG
7180 2380 6179,AdharcardNumber
6098884393332432,NEG
FSU7917395,VoterID
2461308730,NEG
3725 3646 2805 5079,CreditCard
INV-2024-331,NEG
HP-25-1976-8338862,DrivingLicenceNumber
5045289860,NEG
8162 1750 8019 6303,CreditCard
O3359292,NEG
026395612663,NEG
TS 10 1981 3631286,DrivingLicenceNumber
045212899,BankAccountNumber
20241218,NEG
4412319057720442,NEG
KA-04-1982-9808254,DrivingLicenceNumber
KL 19 1982 0139837,DrivingLicenceNumber
33514305,NEG
UP 20 2021 0108227,DrivingLicenceNumber
E0643850,NEG
726974420369,NEG
B8427617,PassportNumber
032365401814,NEG
3657 1208 2677,AdharcardNumber
OUB400,NEG
20240524,NEG
SPZTV7296Y,PANNumber
655022961208,AdharcardNumber
342507330559782,BankAccountNumber
X2774754,NEG
20240619,NEG
AIY6831160,VoterID
X9391822,NEG
A7719855,PassportNumber
4991537038,BankAccountNumber
162530156477,NEG
5173033249675748,NEG
6367157787,Phone
INV-2026-552,NEG
919252571509,Phone
692178282623,NEG
919811807156,Phone
+91-8474355379,Phone
DL 31 1979 0093994,DrivingLicenceNumber
v8.18.25,NEG
2025513444,NEG
UURBL7831O,PANNumber
GEH644,NEG
EENTW8485W,PANNumber
906181205464754,BankAccountNumber
20240926,NEG
5235434046682129,NEG
O3112096,NEG
Q9907521,NEG
575973832068,AdharcardNumber
W9407678,PassportNumber
F9757215,PassportNumber
+91-7619689313,Phone
AS 09 1975 6032433,DrivingLicenceNumber
95977524418222,BankAccountNumber
468485637115,NEG
TN1619750605238,DrivingLicenceNumber
MP 10 1976 4755036,DrivingLicenceNumber
PEO9845218,VoterID
ZZ1719776263019,NEG
944786293487,NEG
5530239934460608,NEG
Q1883459,NEG
MXZFT2686B,PANNumber
HR-31-1993-8945678,DrivingLicenceNumber
40621558,NEG
WRJ559,NEG
+91 75909 60567,Phone
JXOGI6913O,PANNumber
GFJ5159442,VoterID
5577730316787192,NEG
8349 5788 5683,AdharcardNumber
HXJLU2282A,PANNumber
76479078,NEG
ZZ3720230180863,NEG
838346578713,AdharcardNumber
+91-6894346810,Phone
20240113,NEG
517019586634,NEG
08359892625,Phone
FCJFM2890F,PANNumber
78416904,NEG
3301122008,NEG
9b563314266a,NEG
19589541,NEG
1884216309001,BankAccountNumber
575060685364,AdharcardNumber
JH-3209321-0951355,NEG
GA 4209387 7718661,NEG
PEWJD4933D,PANNumber
9869.06,NEG
RYM1342330,VoterID
BJGTI0701M,PANNumber
3849622494,NEG
671883009955,NEG
ZZ 39 2001 0762952,NEG
INV-2021-407,NEG
MVDFA9190W,PANNumber
N2367499,PassportNumber
4516021191,NEG
67111215,NEG
8186843021166733,CreditCard
VXN6607712,VoterID
TFN556,NEG
4345150252,NEG
F8167433,PassportNumber
INV-2026-157,NEG
v9.17.17,NEG
H0145461,NEG
9209 9934 7681,AdharcardNumber
Z1509759,PassportNumber
TS 06 1983 8677963,DrivingLicenceNumber
901447340,BankAccountNumber
v2.13.10,NEG
850477358667,AdharcardNumber
MVPFT9405H,PANNumber
AP1918993481896,NEG
DL0718609806779,NEG
YSHFB6868V,PANNumber
880858382521293289,BankAccountNumber
05573857368011,BankAccountNumber
INV-2025-665,NEG
998994885662,NEG
GJ4418991751711,NEG
20241205,NEG
KA 33 2018 5998845,DrivingLicenceNumber
53007309505560,BankAccountNumber
5100 3076 2054 5969,CreditCard
5226540165995301,CreditCard
RMGFV7829J,PANNumber
6066-1459-0110-7970,CreditCard
5689-7028-3858,AdharcardNumber
5278417837659159,NEG
IGF4948143,VoterID
548223394145,NEG
OUV2860089,VoterID
35641275,NEG
3370096873045,BankAccountNumber
IGQ7633454,VoterID
9793164772,BankAccountNumber
+91 92110 22580,Phone
3824 4935 3483,AdharcardNumber
V1490471,PassportNumber
0142473107201,BankAccountNumber
788260335910,BankAccountNumber
20240923,NEG
87331544,NEG
3750295867603041,NEG
5085205610067995,CreditCard
+91 60804 66196,Phone
AP-15-1988-1532402,DrivingLicenceNumber
GJ1220040260253,DrivingLicenceNumber
08289931608,Phone
+91-8357978630,Phone
5454 0193 8023,AdharcardNumber
UK-24-1996-6847412,DrivingLicenceNumber
371390053290,AdharcardNumber
5081045203608944,CreditCard
V4250124,PassportNumber
20240301,NEG
3458-8195-9772-1681,CreditCard
883029158542,NEG
5200-4879-7888-9752,CreditCard
248433797662705,BankAccountNumber
63725216,NEG
4027-5884-2527,AdharcardNumber
AYRPP5957S,PANNumber
WB 21 1991 2999505,DrivingLicenceNumber
V2086771,PassportNumber
MP4020064693995,DrivingLicenceNumber
8159067396342890,NEG
XFATL9351V,PANNumber
E3342321,PassportNumber
6566696922953385,NEG
OD-03-1988-4748243,DrivingLicenceNumber
GJ 13 1991 8239342,DrivingLicenceNumber
HP 34 2014 8389397,DrivingLicenceNumber
K6218230,PassportNumber
3410255501935455,NEG
INV-2020-720,NEG
2103142175,BankAccountNumber
1746614477,NEG
J0086542,NEG
L4664987,PassportNumber
CTTPH8498G,PANNumber
6098-7313-7971-6699,CreditCard
f192f20623f9,NEG
20240321,NEG
INV-2020-274,NEG
TN 37 1993 0898186,DrivingLicenceNumber
4296444772,NEG
5282801832353062,NEG
B6016679,PassportNumber
DWY8961899,VoterID
PWOFJ8739F,PANNumber
JEF723,NEG
HR4019999796199,DrivingLicenceNumber
609256162670,NEG
20240103,NEG
3512.64,NEG
+91-7334383640,Phone
696454655358512538,BankAccountNumber
8656194255778205,BankAccountNumber
716815724500000015,BankAccountNumber
UK1720057765841,DrivingLicenceNumber
KL1419999775854,DrivingLicenceNumber
ZZ-11-2013-2471320,NEG
D4760375,PassportNumber
v8.3.23,NEG
YHG5153966,VoterID
748720124024,NEG
6036785089897745,NEG
WB1918602264144,NEG
KL-0189984-9606410,NEG
5255-4428-6796-3253,CreditCard
54837441715,BankAccountNumber
BR 15 2021 1247392,DrivingLicenceNumber
NYA4762844,VoterID
K8174654,PassportNumber
OD-25-1983-9626426,DrivingLicenceNumber
20240801,NEG
M9542493,PassportNumber
AFN7977497,VoterID
4136260846397569,CreditCard
v1.8.99,NEG
UK 3189988 6906444,NEG
616878499121,AdharcardNumber
37152183,NEG
7744-4313-5180,AdharcardNumber
0265295164,NEG
76204539,NEG
135462127,BankAccountNumber
DZJFL6467S,PANNumber
6536820506821223,CreditCard
6070721734024223,NEG
dae985b4c851,NEG
5666610256,NEG
5ee5c172e807,NEG
6073574223322283,CreditCard
8961.18,NEG
8142273627320227,NEG
897432600559,BankAccountNumber
R9712552,PassportNumber
CIUGA8993V,PANNumber
+91 92839 99219,Phone
P1849588,PassportNumber
6041726808081572,CreditCard
CLZ697,NEG
KQC4554570,VoterID
SAIHN8181Q,PANNumber
20241122,NEG
MNTAI6547Z,PANNumber
F2503178,PassportNumber
ZZ 34 1996 7091167,NEG
958441986653,AdharcardNumber
CG2020008115467,DrivingLicenceNumber
v8.12.89,NEG
3774665353896297,NEG
P7299795,PassportNumber
8184869996988290,CreditCard
504407781100,NEG
GA-0209320-1425802,NEG
9223410346996733,BankAccountNumber
31735255,NEG
JID970,NEG
229231067245307,BankAccountNumber
ZZ0520248325027,NEG
52594165,NEG
643189601957,NEG
E4034778,PassportNumber
BQD733,NEG
3410715558709402,NEG
8617358,NEG
Q9235255,NEG
+91-6617688029,Phone
06067949756,Phone
2669806908726,BankAccountNumber
8599648628720319,BankAccountNumber
KA 0209305 9347105,NEG
25427184,NEG
5214-1746-8135-9265,CreditCard
v8.12.68,NEG
974.03,NEG
3243-2921-2779,AdharcardNumber
v8.6.66,NEG
06025895529,Phone
JXWBE2096Y,PANNumber
5169792067549397,NEG
GJ 1186004 1517282,NEG
5581152232822288,NEG
ZJP799,NEG
+91 93714 70827,Phone
20240105,NEG
001501967973,NEG
ESSHE8092B,PANNumber
O2173918,NEG
+91-8398402891,Phone
KA0720934568924,NEG
79385651,NEG
7588967924,Phone
43422573,NEG
918236687887,Phone
6015-4980-8513-3136,CreditCard
179680937613,NEG
TIM703,NEG
N1235577,PassportNumber
57115983,NEG
20240727,NEG
UK 3209301 4283211,NEG
383842513541,AdharcardNumber
CNUAQ9448Z,PANNumber
5088214782337204,NEG
271210242347,NEG
5085651887114864,NEG
FPCTK0052W,PANNumber
C6701840,PassportNumber
07315520650,Phone
R7810409,PassportNumber
Q1040606,NEG
09188397745,Phone
6997179110,Phone
190392202690,NEG
v1.1.35,NEG
INV-2024-116,NEG
W0525492,NEG
HP 04 2020 4346218,DrivingLicenceNumber
6131 8699 9382,AdharcardNumber
VCL0381170,VoterID
599ebd623426,NEG
AWP7624921,VoterID
07025213109,Phone
5125523561781709,CreditCard
UQRGZ7448S,PANNumber
ZZ-11-1993-2322129,NEG
C6716479,PassportNumber
GXLPK8300U,PANNumber
MP-3189921-5000048,NEG
S4425754,PassportNumber
BR-16-1988-5465834,DrivingLicenceNumber
+91-6453194337,Phone
63573929,NEG
374555370628,NEG
JRF942,NEG
CG0320028307818,DrivingLicenceNumber
P0020801,NEG
8923-2260-2561,AdharcardNumber
D1988138,PassportNumber
ZZ 37 2005 4565304,NEG
KA-29-1986-8534020,DrivingLicenceNumber
399560466182,AdharcardNumber
98237808,NEG
5533.95,NEG
KA-09-1985-8797611,DrivingLicenceNumber
HQMGL7790Q,PANNumber
A7937515,PassportNumber
39862895090591,BankAccountNumber
7962-9233-0951,AdharcardNumber
INV-2024-317,NEG
v9.2.81,NEG
2122487098,NEG
UK2619790753786,DrivingLicenceNumber
439597815546,NEG
104525160204,NEG
5165020002453932,CreditCard
495785168087,NEG
0964598724,NEG
PB-23-1989-7441398,DrivingLicenceNumber
3453 1325 9367 8136,CreditCard
994026542353,AdharcardNumber
9383 4735 9776,AdharcardNumber
20240401,NEG
RCL8192471,VoterID
UK-2186088-8187342,NEG
20240811,NEG
JH1720131780389,DrivingLicenceNumber
K6381792,PassportNumber
RJ 34 2012 8526650,DrivingLicenceNumber
P4934362,PassportNumber
73345360,NEG
L5749297,PassportNumber
+91 81115 95034,Phone
MP2320170010767,DrivingLicenceNumber
624253690915,NEG
JH 40 2010 2728090,DrivingLicenceNumber
S4180632,PassportNumber
GUA3761327,VoterID
+91-6082555989,Phone
INV-2023-586,NEG
ZZ2520098270276,NEG
FUXPX8814P,PANNumber
UK 45 2023 0593278,DrivingLicenceNumber
20240618,NEG
Q7309417,NEG
42263745,NEG
INV-2020-331,NEG
MH-40-1978-9159381,DrivingLicenceNumber
4996511815,NEG
ZZ3219887696823,NEG
1104662750,NEG
6505739769,Phone
NUZHD2021N,PANNumber
INV-2026-600,NEG
8336.32,NEG
O4861301,NEG
6545 3389 0623 5463,CreditCard
6688871898,Phone
5169069685746702,NEG
CPL9708910,VoterID
4337 4989 4132,AdharcardNumber
494487885257,NEG
529909006470,NEG
+91 80546 83565,Phone
4949076341535977,NEG
O8801944,NEG
916531312206,Phone
M9837340,PassportNumber
X2690689,NEG
26973235,NEG
+91 81465 11131,Phone
Y0573952,NEG
7543617213,Phone
566752545993,AdharcardNumber
4162907399289193,NEG
5668667989,NEG
5219053347047474,NEG
v7.20.40,NEG
09243992011,Phone
961504205984,NEG
9147683420,Phone
INV-2021-265,NEG
6539889413210975,CreditCard
4488868041869302,NEG
R1028427,PassportNumber
QITTW2618X,PANNumber
VXS0451244,VoterID
TS1418992211488,NEG
V8062397,PassportNumber
I9371623,NEG
FGS230,NEG
7935.70,NEG
6564871775461998,CreditCard
RXZ4512234,VoterID
0019335389,NEG
AS-21-2019-9484368,DrivingLicenceNumber
1636.42,NEG
v1.11.49,NEG
WTE165,NEG
777719619979,NEG
5088 1283 1800 3665,CreditCard
4037 7889 2559,AdharcardNumber
06461172959,Phone
ZZ2619820531958,NEG
E8621267,PassportNumber
3722 2975 8917 0458,CreditCard
07402990155,Phone
4295026480164400,CreditCard
838895518572,NEG
WMBJK3074L,PANNumber
1005195675,NEG
16667080850,BankAccountNumber
651149003363,NEG
2293359847,NEG
3433026509,NEG
3429-1876-8316-0826,CreditCard
20240223,NEG
06066843356,Phone
5079.76,NEG
585050641389,AdharcardNumber
6494.92,NEG
5089798491498604,NEG
9439-5339-4214,AdharcardNumber
20240606,NEG
323828258677,AdharcardNumber
ZZ 12 1984 0756372,NEG
5524725058333434,CreditCard
5082-9501-4374-8305,CreditCard
8195145634091856,NEG
20562798,NEG
5150 0666 6411 0655,CreditCard
31660076762,BankAccountNumber
NFNLM5861P,PANNumber
3414346823948402,CreditCard
N6280924,PassportNumber
MFE205,NEG
F2495870,PassportNumber
AUPBI6660S,PANNumber
